index,Paper,Structure name ,Smiles,Standard Relation,Standard Value,Standard Units,Unnamed: 6,InChi,MW,standardized_Standard Units,neg_log_M_Standard_Valuemean,binary_activities,SMILES
0,PMID30286669, [2-(34-dihydroxyphenyl)-2-oxoethyl] (E)-3-(3-hydroxy-4-methoxyphenyl)prop-2-enoate,COc1ccc(C=CC(=O)OCC(=O)c2ccc(O)c(O)c2)cc1O,'=',16.7,µM,,DAFPSPBZCRCOAU-UHFFFAOYSA-N,344.089603,um,4.777284,0,COc1ccc(C=CC(=O)OCC(=O)c2ccc(O)c(O)c2)cc1O
2,PMID29932100,(2S)-5-hydroxy-2-(3-hydroxy-4-methoxyphenyl)-7-[(2S3R4S5S6R)-345-trihydroxy-6-[[(2R3R4R5R6S)-345-trihydroxy-6-methyloxan-2-yl]oxymethyl]oxan-2-yl]oxy-23-dihydrochromen-4-one,COc1ccc(C2CC(=O)c3c(O)cc(OC4OC(COC5OC(C)C(O)C(O)C5O)C(O)C(O)C4O)cc3O2)cc1O,'=',22.8,µM,,QUQPHWDTPGMPEX-UHFFFAOYSA-N,610.18977,um,4.642065,0,COc1ccc(C2CC(=O)c3c(O)cc(OC4OC(COC5OC(C)C(O)C(O)C5O)C(O)C(O)C4O)cc3O2)cc1O
3,PMID29405075,(E)-3–(3-methoxy-4-((2-methylbenzyl)oxy)phenyl)-N-(2-((1234-tetrahydroacridin-9-yl)amino)ethyl)acrylamide (10e),COc1cc(/C=C/C(=O)NCCNc2c3c(nc4ccccc24)CCCC3)ccc1OCc1ccccc1C,'=',64.5,nM,,HHOKQBSFFNNWJV-FBMGVBCBSA-N,521.267842,nm,7.19044,1,COc1cc(/C=C/C(=O)NCCNc2c3c(nc4ccccc24)CCCC3)ccc1OCc1ccccc1C
4,PMID29405075,(E)-3–(3-methoxy-4-((3-methoxybenzyl)oxy)phenyl)-N-(2-((1234-tetrahydroacridin-9-yl)amino)ethyl)acrylamide (10l),COc1cccc(COc2ccc(/C=C/C(=O)NCCNc3c4c(nc5ccccc35)CCCC4)cc2OC)c1,'=',143,nM,,ACPQCXBAHJSMIZ-BMRADRMJSA-N,537.262757,nm,6.844664,1,COc1cccc(COc2ccc(/C=C/C(=O)NCCNc3c4c(nc5ccccc35)CCCC4)cc2OC)c1
5,PMID29405075,(E)-3–(3-methoxy-4-((3-methylbenzyl)oxy)phenyl)-N-(2-((1234-tetrahydroacridin-9-yl)amino)ethyl)acrylamide (10f),COc1cc(/C=C/C(=O)NCCNc2c3c(nc4ccccc24)CCCC3)ccc1OCc1cccc(C)c1,'=',63.2,nM,,JJDRNGZPMXPDLC-BMRADRMJSA-N,521.267842,nm,7.199283,1,COc1cc(/C=C/C(=O)NCCNc2c3c(nc4ccccc24)CCCC3)ccc1OCc1cccc(C)c1
6,PMID29405075,(E)-3–(3-methoxy-4-((4-(trifluoromethyl)benzyl)oxy)phenyl)-N-(2-((1234-tetrahydroacridin-9-yl)amino)ethyl)acrylamide (10k),COc1cc(/C=C/C(=O)NCCNc2c3c(nc4ccccc24)CCCC3)ccc1OCc1ccc(C(F)(F)F)cc1,'=',128.6,nM,,BTNVFKXZZKYPII-GHRIWEEISA-N,575.239577,nm,6.890759,1,COc1cc(/C=C/C(=O)NCCNc2c3c(nc4ccccc24)CCCC3)ccc1OCc1ccc(C(F)(F)F)cc1
7,PMID29405075,(E)-3–(3-methoxy-4-((4-methoxybenzyl)oxy)phenyl)-N-(2-((1234-tetrahydroacridin-9-yl)amino)ethyl)acrylamide (10m),COc1ccc(COc2ccc(/C=C/C(=O)NCCNc3c4c(nc5ccccc35)CCCC4)cc2OC)cc1,'=',75.5,nM,,BVTSBXYFFLHUET-NBVRZTHBSA-N,537.262757,nm,7.122053,1,COc1ccc(COc2ccc(/C=C/C(=O)NCCNc3c4c(nc5ccccc35)CCCC4)cc2OC)cc1
8,PMID29405075,(E)-3–(3-methoxy-4-((4-methylbenzyl)oxy)phenyl)-N-(2-((1234-tetrahydroacridin-9-yl)amino)ethyl)acrylamide (10h),COc1cc(/C=C/C(=O)NCCNc2c3c(nc4ccccc24)CCCC3)ccc1OCc1ccc(C)cc1,'=',139.9,nM,,BDLLPNJESCXMHC-FBMGVBCBSA-N,521.267842,nm,6.854182,1,COc1cc(/C=C/C(=O)NCCNc2c3c(nc4ccccc24)CCCC3)ccc1OCc1ccc(C)cc1
9,PMID29405075,(E)-3–(4-((34-dimethylbenzyl)oxy)-3-methoxyphenyl)-N-(2-((1234-tetrahydroacridin-9-yl)amino)ethyl)acrylamide (10g),COc1cc(/C=C/C(=O)NCCNc2c3c(nc4ccccc24)CCCC3)ccc1OCc1ccc(C)c(C)c1,'=',37,nM,,METDMNIIYDCSMU-BMRADRMJSA-N,535.283492,nm,7.431798,1,COc1cc(/C=C/C(=O)NCCNc2c3c(nc4ccccc24)CCCC3)ccc1OCc1ccc(C)c(C)c1
10,PMID29405075,(E)-3–(4-((4-(tert-butyl)benzyl)oxy)-3-methoxyphenyl)-N-(2-((1234-tetrahydroacridin-9-yl)amino)ethyl)acrylamide (10i),COc1cc(/C=C/C(=O)NCCNc2c3c(nc4ccccc24)CCCC3)ccc1OCc1ccc(C(C)(C)C)cc1,'=',284.1,nM,,ZTTFWJCETVMYPX-CAPFRKAQSA-N,563.314792,nm,6.546529,1,COc1cc(/C=C/C(=O)NCCNc2c3c(nc4ccccc24)CCCC3)ccc1OCc1ccc(C(C)(C)C)cc1
11,PMID29405075,(E)-3–(4-((4-bromobenzyl)oxy)-3-methoxyphenyl)-N-(2-((1234-tetrahydroacridin- 9-yl)amino)ethyl)acrylamide (10d),COc1cc(/C=C/C(=O)NCCNc2c3c(nc4ccccc24)CCCC3)ccc1OCc1ccc(Br)cc1,'=',49.5,nM,,QFUBFQNUYUKBFV-GHRIWEEISA-N,585.162704,nm,7.305395,1,COc1cc(/C=C/C(=O)NCCNc2c3c(nc4ccccc24)CCCC3)ccc1OCc1ccc(Br)cc1
12,PMID29405075,(E)-3–(4-((4-chlorobenzyl)oxy)-3-methoxyphenyl)-N-(2-((1234-tetrahydroacridin- 9-yl)amino)ethyl)acrylamide (10c),COc1cc(/C=C/C(=O)NCCNc2c3c(nc4ccccc24)CCCC3)ccc1OCc1ccc(Cl)cc1,'=',100.8,nM,,MLTULZWVAJLSFA-GHRIWEEISA-N,541.21322,nm,6.996539,1,COc1cc(/C=C/C(=O)NCCNc2c3c(nc4ccccc24)CCCC3)ccc1OCc1ccc(Cl)cc1
13,PMID29405075,(E)-3–(4-((4-cyanobenzyl)oxy)-3-methoxyphenyl)-N-(2-((1234-tetrahydroacridin-9-yl)amino)ethyl)acrylamide (10j),COc1cc(/C=C/C(=O)NCCNc2c3c(nc4ccccc24)CCCC3)ccc1OCc1ccc(C#N)cc1,'=',107.1,nM,,GHIQLELAMFPQAV-BMRADRMJSA-N,532.247441,nm,6.970211,1,COc1cc(/C=C/C(=O)NCCNc2c3c(nc4ccccc24)CCCC3)ccc1OCc1ccc(C#N)cc1
14,PMID29405075,(E)-3–(4-((4-fluorobenzyl)oxy)-3-methoxyphenyl)-N-(2-((1234-tetrahydroacridin-9-yl)amino)ethyl)acrylamide (10b),COc1cc(/C=C/C(=O)NCCNc2c3c(nc4ccccc24)CCCC3)ccc1OCc1ccc(F)cc1,'=',114.8,nM,,VPNHVCQSPOIRGZ-GHRIWEEISA-N,525.24277,nm,6.940058,1,COc1cc(/C=C/C(=O)NCCNc2c3c(nc4ccccc24)CCCC3)ccc1OCc1ccc(F)cc1
17,PMID30427217,(E)-4-{[3-[4–(3-(25-dimethoxyphenyl) acryloyl) piperazine-1- carbonyl]-4-fluorophenyl] methyl} -2H-phthalazin-1-one,COc1ccc(OC)c(/C=C/C(=O)N2CCN(C(=O)c3cc(Cc4n[nH]c(=O)c5ccccc45)ccc3F)CC2)c1,'=',76.86,µM,,IZKNUKNEJOPVIG-XYOKQWHBSA-N,556.212198,um,4.1143,0,COc1ccc(OC)c(/C=C/C(=O)N2CCN(C(=O)c3cc(Cc4n[nH]c(=O)c5ccccc45)ccc3F)CC2)c1
18,PMID30427217,(E)-4-{[3-[4-(3-(2-methoxyphenyl) acryloyl) piperazine-1- carbonyl]-4-fluorophenyl] methyl}-2H-phthalazin-1-one,COc1ccccc1/C=C/C(=O)N1CCN(C(=O)c2cc(Cc3n[nH]c(=O)c4ccccc34)ccc2F)CC1,'=',56.94,µM,,PQSCNTOIEKWYBI-ACCUITESSA-N,526.201634,um,4.244583,0,COc1ccccc1/C=C/C(=O)N1CCN(C(=O)c2cc(Cc3n[nH]c(=O)c4ccccc34)ccc2F)CC1
19,PMID30427217,(E)-4-{[3-[4–(3-(345-trimethoxyphenyl) acryloyl) piperazine-1- carbonyl]-4-fluorophenyl] methyl} -2H -phthalazin-1-one,COc1cc(/C=C/C(=O)N2CCN(C(=O)c3cc(Cc4n[nH]c(=O)c5ccccc45)ccc3F)CC2)cc(OC)c1OC,'=',99.09,µM,,NAZIMLLDESYPHL-PKNBQFBNSA-N,586.222763,um,4.00397,0,COc1cc(/C=C/C(=O)N2CCN(C(=O)c3cc(Cc4n[nH]c(=O)c5ccccc45)ccc3F)CC2)cc(OC)c1OC
20,PMID30427217,(E)-4-{[3-[4–(3-(34-dimethoxyphenyl)acryloyl) piperazine-1- carbonyl]-4-fluorophenyl]methyl}-2H-phthalazin-1-one,COc1ccc(/C=C/C(=O)N2CCN(C(=O)c3cc(Cc4n[nH]c(=O)c5ccccc45)ccc3F)CC2)cc1OC,'=',45.19,µM,,HHWBVLXKRLRUPW-FMIVXFBMSA-N,556.212198,um,4.344958,0,COc1ccc(/C=C/C(=O)N2CCN(C(=O)c3cc(Cc4n[nH]c(=O)c5ccccc45)ccc3F)CC2)cc1OC
21,PMID30427217,(E)-4-{[3-[4–(3-(3-fluorophenyl) acryloyl) piperazine-1-carbonyl]- 4-fluorophenyl] methyl} -2H -phthalazin-1-one,O=C(/C=C/c1cccc(F)c1)N1CCN(C(=O)c2cc(Cc3n[nH]c(=O)c4ccccc34)ccc2F)CC1,'=',110.35,µM,,KKJPTQIFPWDHGE-PKNBQFBNSA-N,514.181647,um,3.957228,0,O=C(/C=C/c1cccc(F)c1)N1CCN(C(=O)c2cc(Cc3n[nH]c(=O)c4ccccc34)ccc2F)CC1
22,PMID30427217,(E)-4-{[3-[4–(3-(3-nitrophenyl) acryloyl) piperazine-1-carbonyl]-4- fluorophenyl] methyl} -2H -phthalazin-1-one,O=C(/C=C/c1cccc([N+](=O)[O-])c1)N1CCN(C(=O)c2cc(Cc3n[nH]c(=O)c4ccccc34)ccc2F)CC1,'=',24.55,µM,,CMKHQKYAIADDSU-PKNBQFBNSA-N,541.176147,um,4.609949,0,O=C(/C=C/c1cccc([N+](=O)[O-])c1)N1CCN(C(=O)c2cc(Cc3n[nH]c(=O)c4ccccc34)ccc2F)CC1
23,PMID30427217,(E)-4-{[3-[4–(3-(4-bromophenyl) acryloyl) piperazine-1-carbonyl]- 4-fluorophenyl] methyl} -2H -phthalazin-1-one,O=C(/C=C/c1ccc(Br)cc1)N1CCN(C(=O)c2cc(Cc3n[nH]c(=O)c4ccccc34)ccc2F)CC1,'=',80.69,µM,,RNERIZZGZXCIFF-XYOKQWHBSA-N,574.101581,um,4.09318,0,O=C(/C=C/c1ccc(Br)cc1)N1CCN(C(=O)c2cc(Cc3n[nH]c(=O)c4ccccc34)ccc2F)CC1
24,PMID30427217,(E)-4-{[3-[4–(3-(4-chlorophenyl) acryloyl) piperazine-1-carbonyl]- 4-fluorophenyl] methyl} -2H -phthalazin-1-one,O=C(/C=C/c1ccc(Cl)cc1)N1CCN(C(=O)c2cc(Cc3n[nH]c(=O)c4ccccc34)ccc2F)CC1,'=',86.54,µM,,NGVXWUCRNQMVQL-XYOKQWHBSA-N,530.152097,um,4.062783,0,O=C(/C=C/c1ccc(Cl)cc1)N1CCN(C(=O)c2cc(Cc3n[nH]c(=O)c4ccccc34)ccc2F)CC1
25,PMID30427217,(E)-4-{[3-[4–(3-(4-fluorophenyl) acryloyl) piperazine-1-carbonyl]- 4-fluorophenyl] methyl} -2H -phthalazin-1-one,O=C(/C=C/c1ccc(F)cc1)N1CCN(C(=O)c2cc(Cc3n[nH]c(=O)c4ccccc34)ccc2F)CC1,'=',173.01,µM,,RHPAAEULNXPYLL-XYOKQWHBSA-N,514.181647,um,3.761929,0,O=C(/C=C/c1ccc(F)cc1)N1CCN(C(=O)c2cc(Cc3n[nH]c(=O)c4ccccc34)ccc2F)CC1
26,PMID30427217,(E)-4-{[3-[4–(3-(4-methoxyphenyl) acryloyl) piperazine-1- carbonyl]-4-fluorophenyl] methyl} -2H-phthalazin-1-one,COc1ccc(/C=C/C(=O)N2CCN(C(=O)c3cc(Cc4n[nH]c(=O)c5ccccc45)ccc3F)CC2)cc1,'=',55.82,µM,,LMURYQCNLPUUKF-UKTHLTGXSA-N,526.201634,um,4.25321,0,COc1ccc(/C=C/C(=O)N2CCN(C(=O)c3cc(Cc4n[nH]c(=O)c5ccccc45)ccc3F)CC2)cc1
27,PMID30427217,(E)-4-{[3-[4-(3-(4-methylphenyl) acryloyl) piperazine-1-carbonyl]- 4-fluorophenyl] methyl} -2H-phthalazin-1-one,Cc1ccc(/C=C/C(=O)N2CCN(C(=O)c3cc(Cc4n[nH]c(=O)c5ccccc45)ccc3F)CC2)cc1,'=',71.99,µM,,JNQYCPRRLOZGBL-ACCUITESSA-N,510.206719,um,4.142728,0,Cc1ccc(/C=C/C(=O)N2CCN(C(=O)c3cc(Cc4n[nH]c(=O)c5ccccc45)ccc3F)CC2)cc1
28,PMID30427217,(E)-4-{[3-[4–(3-(4-nitrophenyl) acryloyl) piperazine-1-carbonyl]-4- fluorophenyl] methyl} -2H -phthalazin-1-one,O=C(/C=C/c1ccc([N+](=O)[O-])cc1)N1CCN(C(=O)c2cc(Cc3n[nH]c(=O)c4ccccc34)ccc2F)CC1,'=',12.24,µM,,ADDGCGBDNWSEDY-XYOKQWHBSA-N,541.176147,um,4.912219,0,O=C(/C=C/c1ccc([N+](=O)[O-])cc1)N1CCN(C(=O)c2cc(Cc3n[nH]c(=O)c4ccccc34)ccc2F)CC1
29,PMID30427217,(E)-4-{[3-[4–(3-(4-trifluoromethylphenyl) acryloyl) piperazine-1- carbonyl]-4-fluorophenyl] methyl} -2H -phthalazin-1-one,O=C(/C=C/c1ccc(C(F)(F)F)cc1)N1CCN(C(=O)c2cc(Cc3n[nH]c(=O)c4ccccc34)ccc2F)CC1,'=',136.43,µM,,CYAXNRRHFHBAPY-XYOKQWHBSA-N,564.178454,um,3.86509,0,O=C(/C=C/c1ccc(C(F)(F)F)cc1)N1CCN(C(=O)c2cc(Cc3n[nH]c(=O)c4ccccc34)ccc2F)CC1
30,PMID30427217,(E)-4-{[3-[4-(3-(furan-2-yl) acryloyl) piperazine-1-carbonyl]-4- fluorophenyl] methyl} -2H -phthalazin-1-one,O=C(/C=C/c1ccco1)N1CCN(C(=O)c2cc(Cc3n[nH]c(=O)c4ccccc34)ccc2F)CC1,'=',113.71,µM,,SSCFQAZCAIMRLN-CSKARUKUSA-N,486.170333,um,3.944201,0,O=C(/C=C/c1ccco1)N1CCN(C(=O)c2cc(Cc3n[nH]c(=O)c4ccccc34)ccc2F)CC1
31,PMID30427217,(E)-4-{[3-[4-(3-phenylacryloyl) piperazine-1-carbonyl]-4- fluorophenyl]methyl}-2H-phthalazin-1-one,O=C(/C=C/c1ccccc1)N1CCN(C(=O)c2cc(Cc3n[nH]c(=O)c4ccccc34)ccc2F)CC1,'=',52.91,µM,,BGFDEGYFOCYRTQ-ACCUITESSA-N,496.191069,um,4.276462,0,O=C(/C=C/c1ccccc1)N1CCN(C(=O)c2cc(Cc3n[nH]c(=O)c4ccccc34)ccc2F)CC1
32,PMID30410615,1-(23-Difluorobenzyl)-4-(67-dimethoxy-2-oxo-2H-chromen-3-ylcarbamoyl)pyridinium bromide,COc1cc2cc(NC(=O)c3cc[n+](Cc4cccc(F)c4F)cc3)c(=O)oc2cc1OC,'=',1.53,nM,,UQLIMFQYFXMFBJ-UHFFFAOYSA-O,453.125655,nm,8.815309,1,COc1cc2cc(NC(=O)c3cc[n+](Cc4cccc(F)c4F)cc3)c(=O)oc2cc1OC
33,PMID30410615,1-(26-Difluorobenzyl)-4-(67-dimethoxy-2-oxo-2H-chromen-3-ylcarbamoyl)pyridinium bromide,COc1cc2cc(NC(=O)c3cc[n+](Cc4c(F)cccc4F)cc3)c(=O)oc2cc1OC,'=',2.43,nM,,DTIZQMTZXXPDAO-UHFFFAOYSA-O,453.125655,nm,8.614394,1,COc1cc2cc(NC(=O)c3cc[n+](Cc4c(F)cccc4F)cc3)c(=O)oc2cc1OC
34,PMID30410615,1-(2-Chlorobenzyl)-4-(67-dimethoxy-2-oxo-2H-chromen-3-ylcarbamoyl)pyridinium bromide,COc1cc2cc(NC(=O)c3cc[n+](Cc4ccccc4Cl)cc3)c(=O)oc2cc1OC,'=',6.03,nM,,ONLKVKXKHUQBKI-UHFFFAOYSA-O,451.105526,nm,8.219683,1,COc1cc2cc(NC(=O)c3cc[n+](Cc4ccccc4Cl)cc3)c(=O)oc2cc1OC
35,PMID30410615,1-(2-Fluorobenzyl)-4-(67-dimethoxy-2-oxo-2H-chromen-3-ylcarbamoyl)pyridinium bromide,COc1cc2cc(NC(=O)c3cc[n+](Cc4ccccc4F)cc3)c(=O)oc2cc1OC,'=',3.05,nM,,ZAASUUCKCNQHKL-UHFFFAOYSA-O,435.135076,nm,8.5157,1,COc1cc2cc(NC(=O)c3cc[n+](Cc4ccccc4F)cc3)c(=O)oc2cc1OC
36,PMID30410615,1-(3-Chlorobenzyl)-4-(67-dimethoxy-2-oxo-2H-chromen-3-ylcarbamoyl)pyridinium bromide,COc1cc2cc(NC(=O)c3cc[n+](Cc4cccc(Cl)c4)cc3)c(=O)oc2cc1OC,'=',11.47,nM,,GTYRSOYHIGJAPC-UHFFFAOYSA-O,451.105526,nm,7.940437,1,COc1cc2cc(NC(=O)c3cc[n+](Cc4cccc(Cl)c4)cc3)c(=O)oc2cc1OC
37,PMID30410615,1-(3-Fluorobenzyl)-4-(67-dimethoxy-2-oxo-2H-chromen-3-ylcarbamoyl)pyridinium bromide,COc1cc2cc(NC(=O)c3cc[n+](Cc4cccc(F)c4)cc3)c(=O)oc2cc1OC,'=',5.04,nM,,HKTFYHXXQKQDAY-UHFFFAOYSA-O,435.135076,nm,8.297569,1,COc1cc2cc(NC(=O)c3cc[n+](Cc4cccc(F)c4)cc3)c(=O)oc2cc1OC
38,PMID30410615,1-(4-Chlorobenzyl)-4-(67-dimethoxy-2-oxo-2H-chromen-3-ylcarbamoyl)pyridinium bromide,COc1cc2cc(NC(=O)c3cc[n+](Cc4ccc(Cl)cc4)cc3)c(=O)oc2cc1OC,'=',293.17,nM,,JHMWFFHHPJWGNN-UHFFFAOYSA-O,451.105526,nm,6.53288,1,COc1cc2cc(NC(=O)c3cc[n+](Cc4ccc(Cl)cc4)cc3)c(=O)oc2cc1OC
39,PMID30410615,1-(4-Fluorobenzyl)-4-(67-dimethoxy-2-oxo-2H-chromen-3-ylcarbamoyl)pyridinium bromide,COc1cc2cc(NC(=O)c3cc[n+](Cc4ccc(F)cc4)cc3)c(=O)oc2cc1OC,'=',5.31,nM,,FDCWNMRKOLSJPE-UHFFFAOYSA-O,435.135076,nm,8.274905,1,COc1cc2cc(NC(=O)c3cc[n+](Cc4ccc(F)cc4)cc3)c(=O)oc2cc1OC
40,PMID29304179,133-trimethyl-2-oxabicyclo[2.2.2]octane,CC12CCC(CC1)C(C)(C)O2,'=',35.2,µg/mL,,WEEGYLXZBRQIMU-UHFFFAOYSA-N,154.135765,ug/ml,3.641361,0,CC12CCC(CC1)C(C)(C)O2
41,PMID30890752,1-[37-Bis(dimethylamino)-10-phenothiazinyl]-3-(3-ethyl-2349-tetrahydro-1H-39-diazafluoren-9-yl)-1-propanone trihydrochloride,CCN1CCc2c(c3ccccc3n2CCC(=O)N2c3ccc(N(C)C)cc3Sc3cc(N(C)C)ccc32)C1,'=',0.67,µM,,ZROLWSKEMTZKCM-UHFFFAOYSA-N,539.271882,um,6.173925,1,CCN1CCc2c(c3ccccc3n2CCC(=O)N2c3ccc(N(C)C)cc3Sc3cc(N(C)C)ccc32)C1
42,PMID30890752,1-[37-Bis(dimethylamino)-10-phenothiazinyl]-3-(3-ethyl-6-methyl-2349-tetrahydro-1H-39-diazafluoren-9-yl)-1-propanone trihydrochloride,CCN1CCc2c(c3cc(C)ccc3n2CCC(=O)N2c3ccc(N(C)C)cc3Sc3cc(N(C)C)ccc32)C1,'=',0.65,µM,,UPSDLJSVYVBXOG-UHFFFAOYSA-N,553.287532,um,6.187087,1,CCN1CCc2c(c3cc(C)ccc3n2CCC(=O)N2c3ccc(N(C)C)cc3Sc3cc(N(C)C)ccc32)C1
43,PMID30890752,1-[37-Bis(dimethylamino)-10-phenothiazinyl]-3-(3-isopropyl-6-methyl-2349-tetrahydro-1H-39-diazafluoren-9-yl)-1-propanone trihydrochloride,Cc1ccc2c(c1)c1c(n2CCC(=O)N2c3ccc(N(C)C)cc3Sc3cc(N(C)C)ccc32)CCN(C(C)C)C1,'=',1.07,µM,,XITGFQCVBFFEAZ-UHFFFAOYSA-N,567.303182,um,5.970616,0,Cc1ccc2c(c1)c1c(n2CCC(=O)N2c3ccc(N(C)C)cc3Sc3cc(N(C)C)ccc32)CCN(C(C)C)C1
44,PMID30890752,1-[37-Bis(dimethylamino)-10-phenothiazinyl]-3-(3-methyl-2349-tetrahydro-1H-39-diazafluoren-9-yl)-1-propanone trihydrochloride,CN1CCc2c(c3ccccc3n2CCC(=O)N2c3ccc(N(C)C)cc3Sc3cc(N(C)C)ccc32)C1,'=',0.83,µM,,MXXYTIDBZKJPKY-UHFFFAOYSA-N,525.256232,um,6.080922,1,CN1CCc2c(c3ccccc3n2CCC(=O)N2c3ccc(N(C)C)cc3Sc3cc(N(C)C)ccc32)C1
45,PMID30890752,1-[37-Bis(dimethylamino)-10-phenothiazinyl]-3-(3-methyl-6-methyl-2349-tetrahydro-1H-39-diazafluoren-9-yl)-1-propanone trihydrochloride,Cc1ccc2c(c1)c1c(n2CCC(=O)N2c3ccc(N(C)C)cc3Sc3cc(N(C)C)ccc32)CCN(C)C1,'=',1.47,µM,,WCXVDVAWYLXWCB-UHFFFAOYSA-N,539.271882,um,5.832683,0,Cc1ccc2c(c1)c1c(n2CCC(=O)N2c3ccc(N(C)C)cc3Sc3cc(N(C)C)ccc32)CCN(C)C1
46,PMID30890752,1-[37-Bis(dimethylamino)-10-phenothiazinyl]-3-(6-fluoro-3-methyl-2349-tetrahydro-1H-39-diazafluoren-9-yl)-1-propanone trihydrochloride,CN1CCc2c(c3cc(F)ccc3n2CCC(=O)N2c3ccc(N(C)C)cc3Sc3cc(N(C)C)ccc32)C1,'=',2.09,µM,,DEGLESUPMGUXON-UHFFFAOYSA-N,543.24681,um,5.679854,0,CN1CCc2c(c3cc(F)ccc3n2CCC(=O)N2c3ccc(N(C)C)cc3Sc3cc(N(C)C)ccc32)C1
47,PMID30890752,1-[37-Bis(dimethylamino)-10-phenothiazinyl]-3-(6-methyl-3-propyl-2349-tetrahydro-1H-39-diazafluoren-9-yl)-1-propanone trihydrochloride,CCCN1CCc2c(c3cc(C)ccc3n2CCC(=O)N2c3ccc(N(C)C)cc3Sc3cc(N(C)C)ccc32)C1,'=',0.8,µM,,WUXBZICVGSLYNG-UHFFFAOYSA-N,567.303182,um,6.09691,1,CCCN1CCc2c(c3cc(C)ccc3n2CCC(=O)N2c3ccc(N(C)C)cc3Sc3cc(N(C)C)ccc32)C1
48,PMID30621344,10-Amino-26-dibenzyl-47-dioxo-36-diazadecanoic acid,NCCCC(=O)N(CC(=O)NC(Cc1ccccc1)C(=O)O)Cc1ccccc1,'=',3.67,µM,,QOUYJPYATUZPAT-UHFFFAOYSA-N,397.200156,um,5.435334,0,NCCCC(=O)N(CC(=O)NC(Cc1ccccc1)C(=O)O)Cc1ccccc1
49,PMID30621344,11-Amino-26-dibenzyl-47-dioxo-36-diazaundecanoic acid,NCCCCC(=O)N(CC(=O)NC(Cc1ccccc1)C(=O)O)Cc1ccccc1,'=',12.56,µM,,GOHZVGCQCLAZJD-UHFFFAOYSA-N,411.215806,um,4.90101,0,NCCCCC(=O)N(CC(=O)NC(Cc1ccccc1)C(=O)O)Cc1ccccc1
51,PMID30410615,1-Benzyl-4-((67-dimethoxy-2-oxo-2H-chromen-3-ylcarbamoyl)methyl)pyridinium bromide,COc1cc2cc(NC(=O)Cc3cc[n+](Cc4ccccc4)cc3)c(=O)oc2cc1OC,'=',1087.7,nM,,TVOWYYHHHWDYIO-UHFFFAOYSA-O,431.160148,nm,5.963491,0,COc1cc2cc(NC(=O)Cc3cc[n+](Cc4ccccc4)cc3)c(=O)oc2cc1OC
52,PMID30410615,1-Benzyl-4-(2-oxo-2H-chromen-3-ylcarbamoyl)pyridinium bromide,O=C(Nc1cc2ccccc2oc1=O)c1cc[n+](Cc2ccccc2)cc1,'=',71.88,nM,,FVNWVROJIYNAHF-UHFFFAOYSA-O,357.123369,nm,7.143392,1,O=C(Nc1cc2ccccc2oc1=O)c1cc[n+](Cc2ccccc2)cc1
53,PMID30410615,1-Benzyl-4-(67-dimethoxy-2-oxo-2H-chromen-3-ylcarbamoyl)pyridinium bromide,O=C(Cc1cc[n+](Cc2ccccc2)cc1)Nc1cc2ccccc2oc1=O,'=',12.48,nM,,CLYWUNJKOWFJRE-UHFFFAOYSA-O,371.139019,nm,7.903785,1,O=C(Cc1cc[n+](Cc2ccccc2)cc1)Nc1cc2ccccc2oc1=O
54,PMID30700752,2-([11′-biphenyl]-4-yl)-6-methylimidazo[12-a]pyridine,Cc1ccc2nc(-c3ccc(-c4ccccc4)cc3)cn2c1,'=',79,µM,,NEFHGQHEGWHLQX-UHFFFAOYSA-N,284.131349,um,4.102373,0,Cc1ccc2nc(-c3ccc(-c4ccccc4)cc3)cn2c1
55,PMID30700752,2-([11′-biphenyl]-4-yl)-8-chloroimidazo[12-a]pyridine,Clc1cccn2cc(-c3ccc(-c4ccccc4)cc3)nc12,'=',253,µM,,GJRYQMHOUYFRGH-UHFFFAOYSA-N,304.076726,um,3.596879,0,Clc1cccn2cc(-c3ccc(-c4ccccc4)cc3)nc12
56,PMID30700752,2-([11′-biphenyl]-4-yl)-8-methylimidazo[12-a]pyridine,Cc1cccn2cc(-c3ccc(-c4ccccc4)cc3)nc12,'=',288,µM,,YNRBJGWKZRUBCX-UHFFFAOYSA-N,284.131349,um,3.540608,0,Cc1cccn2cc(-c3ccc(-c4ccccc4)cc3)nc12
57,PMID30700752,2-([11′-biphenyl]-4-yl)imidazo[12-a]pyridine,c1ccc(-c2ccc(-c3cn4ccccc4n3)cc2)cc1,'=',208,µM,,TUKLCPMARFSNQI-UHFFFAOYSA-N,270.115698,um,3.681937,0,c1ccc(-c2ccc(-c3cn4ccccc4n3)cc2)cc1
58,PMID30134630,2-(25-Dibromophenyl)-N-(7-((1234-tetrahydroacridin-9-yl)amino)heptyl)acetamide (12g).,O=C(Cc1cc(Br)ccc1Br)NCCCCCCCNc1c2c(nc3ccccc13)CCCC2,'=',0.696,µM,,JNFVRUIHBNYHQV-UHFFFAOYSA-N,585.099037,um,6.157391,1,O=C(Cc1cc(Br)ccc1Br)NCCCCCCCNc1c2c(nc3ccccc13)CCCC2
59,PMID30134630,2-(2-Bromo-4-methoxyphenyl)-N-(7-((1234-tetrahydroacridin-9-yl)amino)heptyl)acetamide (12a).,COc1ccc(CC(=O)NCCCCCCCNc2c3c(nc4ccccc24)CCCC3)c(Br)c1,'=',0.324,µM,,AOAAQMGXLFDQQZ-UHFFFAOYSA-N,537.199089,um,6.489455,1,COc1ccc(CC(=O)NCCCCCCCNc2c3c(nc4ccccc24)CCCC3)c(Br)c1
60,PMID30134630,2-(2-Bromo-5-chlorophenyl)-N-(7-((1234-tetrahydroacridin-9-yl)amino)heptyl)acetamide (12k).,O=C(Cc1cc(Cl)ccc1Br)NCCCCCCCNc1c2c(nc3ccccc13)CCCC2,'=',0.383,µM,,LXQQGWBYAAWONC-UHFFFAOYSA-N,541.149552,um,6.416801,1,O=C(Cc1cc(Cl)ccc1Br)NCCCCCCCNc1c2c(nc3ccccc13)CCCC2
61,PMID30134630,2-(2-Bromophenyl)-N-(7-((1234-tetrahydroacridin-9-yl)amino)heptyl)acetamide (12d).,O=C(Cc1ccccc1Br)NCCCCCCCNc1c2c(nc3ccccc13)CCCC2,'=',0.304,µM,,LECHZHYFAJVBTP-UHFFFAOYSA-N,507.188525,um,6.517126,1,O=C(Cc1ccccc1Br)NCCCCCCCNc1c2c(nc3ccccc13)CCCC2
62,PMID30134630,2-(35-Dibromo-4-methoxyphenyl)-N-(10-((1234-tetrahydroacridin-9-yl)amino)decyl)acetamide (10h).,COc1c(Br)cc(CC(=O)NCCCCCCCCCCNc2c3c(nc4ccccc24)CCCC3)cc1Br,'=',0.638,µM,,JCZDRILCAUYUEF-UHFFFAOYSA-N,657.156552,um,6.195179,1,COc1c(Br)cc(CC(=O)NCCCCCCCCCCNc2c3c(nc4ccccc24)CCCC3)cc1Br
63,PMID30134630,2-(35-Dibromo-4-methoxyphenyl)-N-(2-((1234-tetrahydroacridin-9-yl)amino)ethyl)acetamide (10a).,COc1c(Br)cc(CC(=O)NCCNc2c3c(nc4ccccc24)CCCC3)cc1Br,'=',0.88,µM,,NMGGBYXKOBLMLD-UHFFFAOYSA-N,545.031351,um,6.055517,1,COc1c(Br)cc(CC(=O)NCCNc2c3c(nc4ccccc24)CCCC3)cc1Br
64,PMID30134630,2-(35-Dibromo-4-methoxyphenyl)-N-(3-((1234-tetrahydroacridin-9-yl)amino)propyl)acetamide (10b).,COc1c(Br)cc(CC(=O)NCCCNc2c3c(nc4ccccc24)CCCC3)cc1Br,'=',0.771,µM,,IUEWHLAFEWBSCV-UHFFFAOYSA-N,559.047001,um,6.112946,1,COc1c(Br)cc(CC(=O)NCCCNc2c3c(nc4ccccc24)CCCC3)cc1Br
65,PMID30134630,2-(35-Dibromo-4-methoxyphenyl)-N-(4-((1234-tetrahydroacridin-9-yl)amino)butyl)acetamide (10c).,COc1c(Br)cc(CC(=O)NCCCCNc2c3c(nc4ccccc24)CCCC3)cc1Br,'=',1.045,µM,,UUVSFRYDTFZITA-UHFFFAOYSA-N,573.062651,um,5.980884,0,COc1c(Br)cc(CC(=O)NCCCCNc2c3c(nc4ccccc24)CCCC3)cc1Br
66,PMID30134630,2-(35-Dibromo-4-methoxyphenyl)-N-(5-((1234-tetrahydroacridin-9-yl)amino)pentyl)acetamide (10d).,COc1c(Br)cc(CC(=O)NCCCCCNc2c3c(nc4ccccc24)CCCC3)cc1Br,'=',0.764,µM,,GLBODMQWKVBXFV-UHFFFAOYSA-N,587.078301,um,6.116907,1,COc1c(Br)cc(CC(=O)NCCCCCNc2c3c(nc4ccccc24)CCCC3)cc1Br
67,PMID30134630,2-(35-Dibromo-4-methoxyphenyl)-N-(6-((1234-tetrahydroacridin-9-yl)amino)hexyl)acetamide (10e).,COc1c(Br)cc(CC(=O)NCCCCCCNc2c3c(nc4ccccc24)CCCC3)cc1Br,'=',0.686,µM,,HGXJMYYRGQAMHE-UHFFFAOYSA-N,601.093951,um,6.163676,1,COc1c(Br)cc(CC(=O)NCCCCCCNc2c3c(nc4ccccc24)CCCC3)cc1Br
68,PMID30134630,2-(35-Dibromo-4-methoxyphenyl)-N-(7-((1234-tetrahydroacridin-9-yl)amino)heptyl)acetamide (10f).,COc1c(Br)cc(CC(=O)NCCCCCCCNc2c3c(nc4ccccc24)CCCC3)cc1Br,'=',0.314,µM,,FJTLOODEZQGEIJ-UHFFFAOYSA-N,615.109602,um,6.50307,1,COc1c(Br)cc(CC(=O)NCCCCCCCNc2c3c(nc4ccccc24)CCCC3)cc1Br
69,PMID30134630,2-(35-Dibromo-4-methoxyphenyl)-N-(8-((1234-tetrahydroacridin-9-yl)amino)octyl)acetamide (10g).,COc1c(Br)cc(CC(=O)NCCCCCCCCNc2c3c(nc4ccccc24)CCCC3)cc1Br,'=',0.427,µM,,RARXBAXHKLWGJY-UHFFFAOYSA-N,629.125252,um,6.369572,1,COc1c(Br)cc(CC(=O)NCCCCCCCCNc2c3c(nc4ccccc24)CCCC3)cc1Br
70,PMID30134630,2-(35-Dibromophenyl)-N-(7-((1234-tetrahydroacridin-9-yl)amino)heptyl)acetamide (12h).,O=C(Cc1cc(Br)cc(Br)c1)NCCCCCCCNc1c2c(nc3ccccc13)CCCC2,'=',0.729,µM,,XZQUIFOZBCDVJD-UHFFFAOYSA-N,585.099037,um,6.137272,1,O=C(Cc1cc(Br)cc(Br)c1)NCCCCCCCNc1c2c(nc3ccccc13)CCCC2
71,PMID30134630,2-(3-Bromo-4-fluorophenyl)-N-(7-((1234-tetrahydroacridin-9-yl)amino)heptyl)acetamide (12i).,O=C(Cc1ccc(F)c(Br)c1)NCCCCCCCNc1c2c(nc3ccccc13)CCCC2,'=',0.748,µM,,BTYJBZUZISNOTR-UHFFFAOYSA-N,525.179103,um,6.126098,1,O=C(Cc1ccc(F)c(Br)c1)NCCCCCCCNc1c2c(nc3ccccc13)CCCC2
72,PMID30134630,2-(3-Bromo-4-methoxyphenyl)-N-(7-((1234-tetrahydroacridin-9-yl)amino)heptyl)acetamide (12c).,COc1ccc(CC(=O)NCCCCCCCNc2c3c(nc4ccccc24)CCCC3)cc1Br,'=',0.607,µM,,MZLBVDBJFJXEHY-UHFFFAOYSA-N,537.199089,um,6.216811,1,COc1ccc(CC(=O)NCCCCCCCNc2c3c(nc4ccccc24)CCCC3)cc1Br
73,PMID30134630,2-(3-Bromophenyl)-N-(7-((1234-tetrahydroacridin-9-yl)amino)heptyl)acetamide (12e).,O=C(Cc1cccc(Br)c1)NCCCCCCCNc1c2c(nc3ccccc13)CCCC2,'=',0.724,µM,,AZBHKCFWAPYHJQ-UHFFFAOYSA-N,507.188525,um,6.140261,1,O=C(Cc1cccc(Br)c1)NCCCCCCCNc1c2c(nc3ccccc13)CCCC2
74,PMID30134630,2-(4-Bromophenyl)-N-(7-((1234-tetrahydroacridin-9-yl)amino)heptyl)acetamide (12f).,O=C(Cc1ccc(Br)cc1)NCCCCCCCNc1c2c(nc3ccccc13)CCCC2,'=',0.597,µM,,HULYIFLZSXGKKP-UHFFFAOYSA-N,507.188525,um,6.224026,1,O=C(Cc1ccc(Br)cc1)NCCCCCCCNc1c2c(nc3ccccc13)CCCC2
75,PMID29414887,2-(4-Hydroxy-5-((2-methoxybenzyl)amino)pentyl)isoindoline-13-dione (13),COc1ccccc1CNCC(O)CCCN1C(=O)c2ccccc2C1=O,'=',11.07,µM,,VTEVIJFQEARZFV-UHFFFAOYSA-N,368.173607,um,4.955852,0,COc1ccccc1CNCC(O)CCCN1C(=O)c2ccccc2C1=O
76,PMID30134630,2-(4-Methoxyphenyl)-N-(7-((1234-tetrahydroacridin-9-yl)amino)heptyl)acetamide (12b).,COc1ccc(CC(=O)NCCCCCCCNc2c3c(nc4ccccc24)CCCC3)cc1,'=',0.75,µM,,XJYYYOXWBHNVPQ-UHFFFAOYSA-N,459.288577,um,6.124939,1,COc1ccc(CC(=O)NCCCCCCCNc2c3c(nc4ccccc24)CCCC3)cc1
77,PMID29414887,2-(5-(Benzylamino)-4-hydroxypentyl)isoindoline-13-dione (12),O=C1c2ccccc2C(=O)N1CCCC(O)CNCc1ccccc1,'=',3.32,µM,,ZHYPVKPPNDDXHA-UHFFFAOYSA-N,338.163043,um,5.478862,0,O=C1c2ccccc2C(=O)N1CCCC(O)CNCc1ccccc1
78,PMID30134630,2-(5-Bromo-2-fluorophenyl)-N-(7-((1234-tetrahydroacridin-9-yl)amino)heptyl)acetamide (12j).,O=C(Cc1cc(Br)ccc1F)NCCCCCCCNc1c2c(nc3ccccc13)CCCC2,'=',0.182,µM,,ASTSKDWECOYVKB-UHFFFAOYSA-N,525.179103,um,6.739929,1,O=C(Cc1cc(Br)ccc1F)NCCCCCCCNc1c2c(nc3ccccc13)CCCC2
79,PMID29414887,2-(5-Hydroxy-6-((2-methoxybenzyl)amino)hexyl)isoindoline-13-dione (15),COc1ccccc1CNCC(O)CCCCN1C(=O)c2ccccc2C1=O,'=',1.95,µM,,CGZMZNXKMJXWNO-UHFFFAOYSA-N,382.189257,um,5.709965,0,COc1ccccc1CNCC(O)CCCCN1C(=O)c2ccccc2C1=O
80,PMID29414887,2-(6-(Benzylamino)-5-hydroxyhexyl)isoindoline-13-dione (14),O=C1c2ccccc2C(=O)N1CCCCC(O)CNCc1ccccc1,'=',2.13,µM,,YAHRMGOOFQNENK-UHFFFAOYSA-N,352.178693,um,5.67162,0,O=C1c2ccccc2C(=O)N1CCCCC(O)CNCc1ccccc1
81,PMID30110946,2-(9-Acridinylamino)-2-oxoethyl 4-(4-(trifluoromethyl)benzyl)piperazine-1-carbodithioate ,O=C(CSC(=S)N1CCN(Cc2ccc(C(F)(F)F)cc2)CC1)Nc1c2ccccc2nc2ccccc12,'=',45.945,µM,,LQAFXOQGTBPSEZ-UHFFFAOYSA-N,554.142188,um,4.337762,0,O=C(CSC(=S)N1CCN(Cc2ccc(C(F)(F)F)cc2)CC1)Nc1c2ccccc2nc2ccccc12
82,PMID30700752,2-(adamantan-1-yl)-7-methylimidazo[12-a]pyridine hydrate,Cc1ccn2cc(C34CC5CC(CC(C5)C3)C4)nc2c1,'=',270,µM,,QGDBFZRLIMUGCI-UHFFFAOYSA-N,266.178299,um,3.568636,0,Cc1ccn2cc(C34CC5CC(CC(C5)C3)C4)nc2c1
83,PMID30700752,2-(adamantan-1-yl)-8-methylimidazo[12-a]pyridine hydrate,Cc1cccn2cc(C34CC5CC(CC(C5)C3)C4)nc12,'=',657,µM,,MFBZTIAOMQPDKK-UHFFFAOYSA-N,266.178299,um,3.182435,0,Cc1cccn2cc(C34CC5CC(CC(C5)C3)C4)nc12
84,PMID30621344,26-Dibenzyl-47-dioxo-36-diazadecanedioic acid,O=C(O)CCC(=O)N(CC(=O)NC(Cc1ccccc1)C(=O)O)Cc1ccccc1,'=',304.87,µM,,PQHYZBYHTGJGGM-UHFFFAOYSA-N,412.163436,um,3.515885,0,O=C(O)CCC(=O)N(CC(=O)NC(Cc1ccccc1)C(=O)O)Cc1ccccc1
85,PMID29597336,2-[(2E)-37-dimethylocta-26-dienyl]-39-dihydroxy-[1]benzofuro[32-c]chromen-6-one,CC(C)=CCCC(C)=CCc1cc2c(cc1O)oc(=O)c1c3ccc(O)cc3oc21,'=',144.8,µM,,CGMGCGYLRFAMQF-UHFFFAOYSA-N,404.162374,um,3.839231,0,CC(C)=CCCC(C)=CCc1cc2c(cc1O)oc(=O)c1c3ccc(O)cc3oc21
86,PMID29513045,2-Methoxyphenyl isothiocyanate,COc1ccccc1N=C=S,'=',0.57,mM,,QKAOOWJWWKWWOZ-UHFFFAOYSA-N,165.024835,mm,3.244125,0,COc1ccccc1N=C=S
87,PMID30134630,2-Phenyl-N-(7-((1234-tetrahydroacridin-9-yl)amino)heptyl)acetamide (12l).,O=C(Cc1ccccc1)NCCCCCCCNc1c2c(nc3ccccc13)CCCC2,'=',0.76,µM,,IMPAWKRTOVYQPF-UHFFFAOYSA-N,429.278013,um,6.119186,1,O=C(Cc1ccccc1)NCCCCCCCNc1c2c(nc3ccccc13)CCCC2
88,PMID29597336,39-dihydroxy-[1]benzofuro[32-c]chromen-6-one,O=c1oc2cc(O)ccc2c2oc3cc(O)ccc3c12,'=',42.33,µM,,ZZIALNLLNHEQPJ-UHFFFAOYSA-N,268.037173,um,4.373352,0,O=c1oc2cc(O)ccc2c2oc3cc(O)ccc3c12
89,PMID30301153,3-[(23-Dimethoxybenzoyl)oxy]propyl 356-trimethylpyrazine-2-carboxylate,COc1cccc(C(=O)OCCCOC(=O)c2nc(C)c(C)nc2C)c1OC,'=',167.9,nM,,ADTRYHFZWUEMKD-UHFFFAOYSA-N,388.163436,nm,6.774949,1,COc1cccc(C(=O)OCCCOC(=O)c2nc(C)c(C)nc2C)c1OC
90,PMID30301153,3-[(24-Dimethoxybenzoyl)oxy]propyl 356-trimethylpyrazine-2-carboxylate,COc1ccc(C(=O)OCCCOC(=O)c2nc(C)c(C)nc2C)c(OC)c1,'=',387.9,nM,,IALQXMYJZKSQBT-UHFFFAOYSA-N,388.163436,nm,6.41128,1,COc1ccc(C(=O)OCCCOC(=O)c2nc(C)c(C)nc2C)c(OC)c1
91,PMID30301153,3-[(26-Dimethoxybenzoyl)oxy]propyl 356-trimethylpyrazine-2-carboxylate,COc1cccc(OC)c1C(=O)OCCCOC(=O)c1nc(C)c(C)nc1C,'=',143.8,nM,,NAMNUSCDCFUDSC-UHFFFAOYSA-N,388.163436,nm,6.842241,1,COc1cccc(OC)c1C(=O)OCCCOC(=O)c1nc(C)c(C)nc1C
92,PMID30301153,3-[(34-Dimethoxybenzoyl)oxy]propyl 356-trimethylpyrazine-2-carboxylate,COc1ccc(C(=O)OCCCOC(=O)c2nc(C)c(C)nc2C)cc1OC,'=',4.12,nM,,UZLHMYXWRAEANU-UHFFFAOYSA-N,388.163436,nm,8.385103,1,COc1ccc(C(=O)OCCCOC(=O)c2nc(C)c(C)nc2C)cc1OC
93,PMID30301153,3-[(35-Dimethoxybenzoyl)oxy]propyl 356-trimethylpyrazine-2-carboxylate ,COc1cc(OC)cc(C(=O)OCCCOC(=O)c2nc(C)c(C)nc2C)c1,'=',4.43,nM,,ZYNDRGRZCLAGFL-UHFFFAOYSA-N,388.163436,nm,8.353596,1,COc1cc(OC)cc(C(=O)OCCCOC(=O)c2nc(C)c(C)nc2C)c1
94,PMID30301153,3-[(3-Chlorobenzoyl)oxy]propyl 356-trimethylpyrazine-2-carboxylate,Cc1nc(C)c(C(=O)OCCCOC(=O)c2cccc(Cl)c2)nc1C,'=',6.61,nM,,BFRLHYPDCSNDEK-UHFFFAOYSA-N,362.103335,nm,8.179799,1,Cc1nc(C)c(C(=O)OCCCOC(=O)c2cccc(Cl)c2)nc1C
95,PMID30301153,3-[(Pyridine-2-carbonyl)oxy]propyl 356-trimethylpyrazine-2-carboxylate,Cc1nc(C)c(C(=O)OCCCOC(=O)c2ccccn2)nc1C,'=',0.25,nM,,YBHRKLIWOBSYIG-UHFFFAOYSA-N,329.137556,nm,9.60206,1,Cc1nc(C)c(C(=O)OCCCOC(=O)c2ccccn2)nc1C
96,PMID31117844,3-[4-(1-naphthoylamino)-phenyl]-7-hydroxy-coumarin ,O=C(Nc1ccc(-c2cc3ccc(O)cc3oc2=O)cc1)c1cccc2ccccc12,'=',19.14,µM,,PVEIBDZWTOVJFF-UHFFFAOYSA-N,407.115758,um,4.718058,0,O=C(Nc1ccc(-c2cc3ccc(O)cc3oc2=O)cc1)c1cccc2ccccc12
97,PMID31117844,3-[4-(2 3-dichloro-benzoylamino)-phenyl]-8-methoxy-coumarin,COc1cccc2cc(-c3ccc(NC(=O)c4cccc(Cl)c4Cl)cc3)c(=O)oc12,'=',19.68,µM,,XPZRWCACYSJWRB-UHFFFAOYSA-N,439.037813,um,4.705975,0,COc1cccc2cc(-c3ccc(NC(=O)c4cccc(Cl)c4Cl)cc3)c(=O)oc12
98,PMID31117844,3-[4-(2-fluoro-benzoylamino)-phenyl]-8-methoxy-coumarin,COc1cccc2cc(-c3ccc(NC(=O)c4ccccc4F)cc3)c(=O)oc12,'=',48.95,µM,,RTWZBNCCSAXZQP-UHFFFAOYSA-N,389.106336,um,4.310247,0,COc1cccc2cc(-c3ccc(NC(=O)c4ccccc4F)cc3)c(=O)oc12
99,PMID31117844,3-[4-(2-methoxy-benzoylamino)-phenyl]-8-methoxy-coumarin,COc1ccccc1C(=O)Nc1ccc(-c2cc3cccc(OC)c3oc2=O)cc1,'=',48.21,µM,,GQABTSXXMRYPLY-UHFFFAOYSA-N,401.126323,um,4.316863,0,COc1ccccc1C(=O)Nc1ccc(-c2cc3cccc(OC)c3oc2=O)cc1
100,PMID31117844,3-[4-(2-naphthoylamino)-phenyl]-8-methoxy-coumarin,COc1cccc2cc(-c3ccc(NC(=O)c4ccc5ccccc5c4)cc3)c(=O)oc12,'=',0.128,µM,,FNQOQMUIPGQUJV-UHFFFAOYSA-N,421.131408,um,6.89279,1,COc1cccc2cc(-c3ccc(NC(=O)c4ccc5ccccc5c4)cc3)c(=O)oc12
101,PMID31117844,3-[4-(3-chloro-benzoylamino)-phenyl]-7-hydroxy-coumarin ,O=C(Nc1ccc(-c2cc3ccc(O)cc3oc2=O)cc1)c1cccc(Cl)c1,'=',1.944,µM,,ODDSLXJNHLEFCL-UHFFFAOYSA-N,391.061136,um,5.711304,0,O=C(Nc1ccc(-c2cc3ccc(O)cc3oc2=O)cc1)c1cccc(Cl)c1
102,PMID31117844,3-[4-(3-fluoro-benzoylamino)-phenyl]-8-methoxy-coumarin,COc1cccc2cc(-c3ccc(NC(=O)c4cccc(F)c4)cc3)c(=O)oc12,'=',4.165,µM,,LGXFIUIWLVXBSO-UHFFFAOYSA-N,389.106336,um,5.380385,0,COc1cccc2cc(-c3ccc(NC(=O)c4cccc(F)c4)cc3)c(=O)oc12
103,PMID31117844,3-[4-(3-methyl-benzoylamino)-phenyl]-8-methoxy-coumarin,COc1cccc2cc(-c3ccc(NC(=O)c4cccc(C)c4)cc3)c(=O)oc12,'=',8.259,µM,,UASZLKRXUCZXFC-UHFFFAOYSA-N,385.131408,um,5.083073,0,COc1cccc2cc(-c3ccc(NC(=O)c4cccc(C)c4)cc3)c(=O)oc12
104,PMID31117844,3-[4-(4-Chloromethyl-benzoylamino)-phenyl]-7 8-dihydroxy-coumarin,O=C(Nc1ccc(-c2cc3ccc(O)c(O)c3oc2=O)cc1)c1ccc(CCl)cc1,'=',48.21,µM,,RDWKSHDGFKAPDN-UHFFFAOYSA-N,421.0717,um,4.316863,0,O=C(Nc1ccc(-c2cc3ccc(O)c(O)c3oc2=O)cc1)c1ccc(CCl)cc1
105,PMID31117844,3-[4-(4-chloromethyl-benzoylamino)-phenyl]-7-hydroxy-coumarin,O=C(Nc1ccc(-c2cc3ccc(O)cc3oc2=O)cc1)c1ccc(CCl)cc1,'=',47.21,µM,,GZFHNKGGJGCBSB-UHFFFAOYSA-N,405.076786,um,4.325966,0,O=C(Nc1ccc(-c2cc3ccc(O)cc3oc2=O)cc1)c1ccc(CCl)cc1
106,PMID31117844,3-[4-(4-chloromethyl-benzoylamino)-phenyl]-8-methoxy-coumarin,COc1cccc2cc(-c3ccc(NC(=O)c4ccc(CCl)cc4)cc3)c(=O)oc12,'=',0.091,µM,,KAYVLXUZFXINIG-UHFFFAOYSA-N,419.092436,um,7.040959,1,COc1cccc2cc(-c3ccc(NC(=O)c4ccc(CCl)cc4)cc3)c(=O)oc12
107,PMID31117844,3-[4-(4-fluoro-benzoylamino)-phenyl]-8-methoxy-coumarin,COc1cccc2cc(-c3ccc(NC(=O)c4ccc(F)cc4)cc3)c(=O)oc12,'=',27.97,µM,,NYPMMUGVPLZMMC-UHFFFAOYSA-N,389.106336,um,4.553308,0,COc1cccc2cc(-c3ccc(NC(=O)c4ccc(F)cc4)cc3)c(=O)oc12
108,PMID31117844,3-[4-(4-trifluoromethyl-benzoylamino)-phenyl]-8-methoxy-coumarin,COc1cccc2cc(-c3ccc(NC(=O)c4ccc(C(F)(F)F)cc4)cc3)c(=O)oc12,'=',5.604,µM,,FBEUXWXPDRKBNN-UHFFFAOYSA-N,439.103143,um,5.251502,0,COc1cccc2cc(-c3ccc(NC(=O)c4ccc(C(F)(F)F)cc4)cc3)c(=O)oc12
109,PMID30727776,3-[4-(dimethylamino)phenyl]-7-[2-(piperidin-1-yl)ethoxy]-2H-chromen-2-one,CN(C)c1ccc(-c2cc3ccc(OCCN4CCCCC4)cc3oc2=O)cc1,'=',0.02,µM,,AKGBBXJNZKKUEC-UHFFFAOYSA-N,392.209993,um,7.69897,1,CN(C)c1ccc(-c2cc3ccc(OCCN4CCCCC4)cc3oc2=O)cc1
110,PMID30727776,3-[4-(dimethylamino)phenyl]-7-[3-(piperidin-1-yl)propoxy]-2H-chromen-2-one,CN(C)c1ccc(-c2cc3ccc(OCCCN4CCCCC4)cc3oc2=O)cc1,'=',0.33,µM,,FYLWMCQYBFYDJL-UHFFFAOYSA-N,406.225643,um,6.481486,1,CN(C)c1ccc(-c2cc3ccc(OCCCN4CCCCC4)cc3oc2=O)cc1
111,PMID30727776,3-[4-(dimethylamino)phenyl]-7-[5-(piperidin-1-yl)pentoxy]-2H-chromen-2-one,CN(C)c1ccc(-c2cc3ccc(OCCCCCN4CCCCC4)cc3oc2=O)cc1,'=',0.96,µM,,PMPVUWYKHNBMHP-UHFFFAOYSA-N,434.256943,um,6.017729,1,CN(C)c1ccc(-c2cc3ccc(OCCCCCN4CCCCC4)cc3oc2=O)cc1
112,PMID30301153,3-{[(2E)-3-(345-Trimethoxyphenyl)prop-2-enoyl]oxy}propyl 356-tri-methylpyrazine-2-carboxylate ,COc1cc(/C=C/C(=O)OCCCOC(=O)c2nc(C)c(C)nc2C)cc(OC)c1OC,'=',93.51,nM,,PAWCOSWUJJSWMQ-CMDGGOBGSA-N,444.189651,nm,7.029142,1,COc1cc(/C=C/C(=O)OCCCOC(=O)c2nc(C)c(C)nc2C)cc(OC)c1OC
113,PMID30301153,3-{[(2E)-3-(34-Dimethoxyphenyl)prop-2-enoyl]oxy}propyl 356-trimethyl-pyrazine-2-carboxylate ,COc1ccc(/C=C/C(=O)OCCCOC(=O)c2nc(C)c(C)nc2C)cc1OC,'=',3.24,nM,,HZVNPOBDZNMKPS-CSKARUKUSA-N,414.179087,nm,8.489455,1,COc1ccc(/C=C/C(=O)OCCCOC(=O)c2nc(C)c(C)nc2C)cc1OC
114,PMID30301153,3-{[(2E)-3-(356-Trimethylpyrazin-2-yl)prop-2-enoyl]oxy}propyl 356-trimethylpyrazine-2-carboxylate ,Cc1nc(C)c(/C=C/C(=O)OCCCOC(=O)c2nc(C)c(C)nc2C)nc1C,'=',1.39,nM,,FMBROXIIJDNVQA-CMDGGOBGSA-N,398.195405,nm,8.856985,1,Cc1nc(C)c(/C=C/C(=O)OCCCOC(=O)c2nc(C)c(C)nc2C)nc1C
115,PMID30301153,3-{[(345-Trimethoxyphenyl)acetyl]oxy}propyl 356-trimethylpyrazine-2-carboxylate,COc1cc(CC(=O)OCCCOC(=O)c2nc(C)c(C)nc2C)cc(OC)c1OC,'=',303.4,nM,,DQLKRGKNSBESLO-UHFFFAOYSA-N,432.189651,nm,6.517984,1,COc1cc(CC(=O)OCCCOC(=O)c2nc(C)c(C)nc2C)cc(OC)c1OC
116,PMID30727776,3-bromo-7-[2-(piperidin-1-yl)ethoxy]-2H-chromen-2-one,O=c1oc2cc(OCCN3CCCCC3)ccc2cc1Br,'=',0.18,µM,,ZYOHNKQQNBHGBO-UHFFFAOYSA-N,351.047006,um,6.744727,1,O=c1oc2cc(OCCN3CCCCC3)ccc2cc1Br
117,PMID30727776,3-bromo-7-[3-(piperidin-1-yl)propoxy]-2H-chromen-2-one,O=c1oc2cc(OCCCN3CCCCC3)ccc2cc1Br,'=',0.37,µM,,VFKVMRDYAXATCZ-UHFFFAOYSA-N,365.062656,um,6.431798,1,O=c1oc2cc(OCCCN3CCCCC3)ccc2cc1Br
118,PMID30727776,3-bromo-7-[4-(piperidin-1-yl)butoxy]-2H-chromen-2-one,O=c1oc2cc(OCCCCN3CCCCC3)ccc2cc1Br,'=',0.55,µM,,ZOENXDCHQFMFFN-UHFFFAOYSA-N,379.078306,um,6.259637,1,O=c1oc2cc(OCCCCN3CCCCC3)ccc2cc1Br
119,PMID30727776,3-bromo-7-[5-(piperidin-1-yl)pentoxy]-2H-chromen-2-one,O=c1oc2cc(OCCCCCN3CCCCC3)ccc2cc1Br,'=',0.15,µM,,ZIFZDFGSTQIMOG-UHFFFAOYSA-N,393.093956,um,6.823909,1,O=c1oc2cc(OCCCCCN3CCCCC3)ccc2cc1Br
120,PMID29513045,3-Methoxyphenyl isothiocyanate,COc1cccc(N=C=S)c1,'=',1,mM,,WHBYCPUKGYEYFU-UHFFFAOYSA-N,165.024835,mm,3,0,COc1cccc(N=C=S)c1
121,PMID30727776,3-phenyl-7-[2-(piperidin-1-yl)ethoxy]-2H-chromen-2-one,O=c1oc2cc(OCCN3CCCCC3)ccc2cc1-c1ccccc1,'=',0.14,µM,,BZULVVDWXMSQOD-UHFFFAOYSA-N,349.167794,um,6.853872,1,O=c1oc2cc(OCCN3CCCCC3)ccc2cc1-c1ccccc1
122,PMID30727776,3-phenyl-7-[3-(piperidin-1-yl)propoxy]-2H-chromen-2-one,O=c1oc2cc(OCCCN3CCCCC3)ccc2cc1-c1ccccc1,'=',0.24,µM,,ZHCFGTNESGXQDB-UHFFFAOYSA-N,363.183444,um,6.619789,1,O=c1oc2cc(OCCCN3CCCCC3)ccc2cc1-c1ccccc1
123,PMID30727776,3-phenyl-7-[5-(piperidin-1-yl)pentoxy]-2H-chromen-2-one,O=c1oc2cc(OCCCCCN3CCCCC3)ccc2cc1-c1ccccc1,'=',0.45,µM,,DIMXLPYOJJMSOW-UHFFFAOYSA-N,391.214744,um,6.346787,1,O=c1oc2cc(OCCCCCN3CCCCC3)ccc2cc1-c1ccccc1
124,PMID30297729,4-([11′-biphenyl]-3-yl)-1-(benzyl(2-(2-methoxyphenoxy)ethyl)amino)-4-hydroxybutan-2-one ,COc1ccccc1OCCN(CC(=O)CC(O)c1cccc(-c2ccccc2)c1)Cc1ccccc1,'=',58.33,µM,,ZAXAKUKAZKQKFN-UHFFFAOYSA-N,495.240959,um,4.234108,0,COc1ccccc1OCCN(CC(=O)CC(O)c1cccc(-c2ccccc2)c1)Cc1ccccc1
125,PMID30297729,4-(benzyl(2-(2-methoxyphenoxy)ethyl)amino)-1-(9H-carbazol-4-yl)butane-13-diol ,COc1ccccc1OCCN(Cc1ccccc1)CC(O)CC(O)c1cccc2[nH]c3ccccc3c12,'=',66.05,µM,,FRXNYXHWTCAVRP-UHFFFAOYSA-N,510.251858,um,4.180127,0,COc1ccccc1OCCN(Cc1ccccc1)CC(O)CC(O)c1cccc2[nH]c3ccccc3c12
126,PMID29513045,4-Methylphenyl isothiocyanate,Cc1ccc(N=C=S)cc1,'=',0.93,mM,,ABQKHKWXTUVKGF-UHFFFAOYSA-N,149.02992,mm,3.031517,0,Cc1ccc(N=C=S)cc1
129,PMID30621344,6-Benzamido-2-benzyl-4-oxo-36-diazadecanedioic acid,O=C(O)CCCN(CC(=O)NC(Cc1ccccc1)C(=O)O)NC(=O)c1ccccc1,'=',10.64,µM,,ASINYVBWQKRHOG-UHFFFAOYSA-N,427.174336,um,4.973058,0,O=C(O)CCCN(CC(=O)NC(Cc1ccccc1)C(=O)O)NC(=O)c1ccccc1
130,PMID30678364,6-chloro-N-[2-(23-dihydro-1H-cyclopenta[b]quinolin-9-ylamino)ethyl]pyridine-3-carboxamide hydrochloride,O=C(NCCNc1c2c(nc3ccccc13)CCC2)c1ccc(Cl)nc1,'=',0.453,µM,,KWTLKGMYMVYXLB-UHFFFAOYSA-N,366.124739,um,6.343902,1,O=C(NCCNc1c2c(nc3ccccc13)CCC2)c1ccc(Cl)nc1
131,PMID30678364,6-chloro-N-[3-(23-dihydro-1H-cyclopenta[b]quinolin-9-ylamino)butyl]pyridine-3-carboxamide hydrochloride ,CC(CCNC(=O)c1ccc(Cl)nc1)Nc1c2c(nc3ccccc13)CCC2,'=',0.589,µM,,YBBLXQYDLGSUMY-UHFFFAOYSA-N,394.156039,um,6.229885,1,CC(CCNC(=O)c1ccc(Cl)nc1)Nc1c2c(nc3ccccc13)CCC2
132,PMID30678364,6-chloro-N-[3-(23-dihydro-1H-cyclopenta[b]quinolin-9-ylamino)heptyl]pyridine-3-carboxamide hydrochloride ,CCCCC(CCNC(=O)c1ccc(Cl)nc1)Nc1c2c(nc3ccccc13)CCC2,'=',0.074,µM,,AHOHXEVNWUMMHB-UHFFFAOYSA-N,436.202989,um,7.130768,1,CCCCC(CCNC(=O)c1ccc(Cl)nc1)Nc1c2c(nc3ccccc13)CCC2
133,PMID30678364,6-chloro-N-[3-(23-dihydro-1H-cyclopenta[b]quinolin-9-ylamino)hexyl]pyridine-3-carboxamide hydrochloride ,CCCC(CCNC(=O)c1ccc(Cl)nc1)Nc1c2c(nc3ccccc13)CCC2,'=',0.067,µM,,OMYFZXZEKIEKSE-UHFFFAOYSA-N,422.187339,um,7.173925,1,CCCC(CCNC(=O)c1ccc(Cl)nc1)Nc1c2c(nc3ccccc13)CCC2
134,PMID30678364,6-chloro-N-[3-(23-dihydro-1H-cyclopenta[b]quinolin-9-ylamino)nonyl]pyridine-3-carboxamide hydrochloride ,CCCCCCC(CCNC(=O)c1ccc(Cl)nc1)Nc1c2c(nc3ccccc13)CCC2,'=',0.071,µM,,FGUOKBCGMZTZHU-UHFFFAOYSA-N,464.234289,um,7.148742,1,CCCCCCC(CCNC(=O)c1ccc(Cl)nc1)Nc1c2c(nc3ccccc13)CCC2
135,PMID30678364,6-chloro-N-[3-(23-dihydro-1H-cyclopenta[b]quinolin-9-ylamino)octyl]pyridine-3-carboxamide hydrochloride ,CCCCCC(CCNC(=O)c1ccc(Cl)nc1)Nc1c2c(nc3ccccc13)CCC2,'=',0.073,µM,,GYFRPFCTQUDRBM-UHFFFAOYSA-N,450.218639,um,7.136677,1,CCCCCC(CCNC(=O)c1ccc(Cl)nc1)Nc1c2c(nc3ccccc13)CCC2
136,PMID30678364,6-chloro-N-[3-(23-dihydro-1H-cyclopenta[b]quinolin-9-ylamino)pentyl]pyridine-3-carboxamide hydrochloride ,CCC(CCNC(=O)c1ccc(Cl)nc1)Nc1c2c(nc3ccccc13)CCC2,'=',0.162,µM,,SNAAQJWADJZRQV-UHFFFAOYSA-N,408.171689,um,6.790485,1,CCC(CCNC(=O)c1ccc(Cl)nc1)Nc1c2c(nc3ccccc13)CCC2
137,PMID30678364,6-chloro-N-[3-(23-dihydro-1H-cyclopenta[b]quinolin-9-ylamino)propyl]pyridine-3-carboxamide hydrochloride ,O=C(NCCCNc1c2c(nc3ccccc13)CCC2)c1ccc(Cl)nc1,'=',0.245,µM,,MUSWCBQOUSHMDF-UHFFFAOYSA-N,380.140389,um,6.610834,1,O=C(NCCCNc1c2c(nc3ccccc13)CCC2)c1ccc(Cl)nc1
138,PMID30284486,79-Dibromo-2-methyl-110b-dihydro-5H-pyrazolo[15-c][13]benzoxazin-5-one ,CC1=NN2C(=O)Oc3c(Br)cc(Br)cc3C2C1,'=',10.71,µM,,XXARHHJVNYWGQJ-UHFFFAOYSA-N,357.895252,um,4.970211,0,CC1=NN2C(=O)Oc3c(Br)cc(Br)cc3C2C1
139,PMID30621344,9-Amino-26-dibenzyl-47-dioxo-36-diazanonanoic acid,NCCC(=O)N(CC(=O)NC(Cc1ccccc1)C(=O)O)Cc1ccccc1,'=',41.31,µM,,ATSRPURHZHHKEK-UHFFFAOYSA-N,383.184506,um,4.383945,0,NCCC(=O)N(CC(=O)NC(Cc1ccccc1)C(=O)O)Cc1ccccc1
140,PMID30934674,Benzyl (1-(34-dimethylphenyl)-1-oxopropan-2-yl)(methyl)carbamate,Cc1ccc(C(=O)C(C)N(C)C(=O)OCc2ccccc2)cc1C,'=',76.78,µM,,VQRBDKSGGJFNAF-UHFFFAOYSA-N,325.167794,um,4.114752,0,Cc1ccc(C(=O)C(C)N(C)C(=O)OCc2ccccc2)cc1C
141,PMID30934674,Benzyl (1-(3-chlorophenyl)-1-oxopropan-2-yl)(methyl)carbamate,CC(C(=O)c1cccc(Cl)c1)N(C)C(=O)OCc1ccccc1,'=',84.37,µM,,ASCFBOKPSJULKL-UHFFFAOYSA-N,331.097521,um,4.073812,0,CC(C(=O)c1cccc(Cl)c1)N(C)C(=O)OCc1ccccc1
142,PMID30934674,Benzyl (1-(4-bromonaphthalen-1-yl)-1-oxopropan-2-yl)(methyl)carbamate ,CC(C(=O)c1ccc(Br)c2ccccc12)N(C)C(=O)OCc1ccccc1,'=',128.27,µM,,SWBLKFVLPHCHPX-UHFFFAOYSA-N,425.062656,um,3.891875,0,CC(C(=O)c1ccc(Br)c2ccccc12)N(C)C(=O)OCc1ccccc1
143,PMID30934674,Benzyl (1-(4-bromophenyl)-1-oxopropan-2-yl)(methyl)carbamate,CC(C(=O)c1ccc(Br)cc1)N(C)C(=O)OCc1ccccc1,'=',32.01,µM,,FMZZWGAOVZMHJR-UHFFFAOYSA-N,375.047006,um,4.494714,0,CC(C(=O)c1ccc(Br)cc1)N(C)C(=O)OCc1ccccc1
144,PMID30934674,Benzyl (1-(4-chloronaphthalen-1-yl)-1-oxopropan-2-yl)(methyl)carbamate,CC(C(=O)c1ccc(Cl)c2ccccc12)N(C)C(=O)OCc1ccccc1,'=',103.28,µM,,PYWNKOAOMRRISM-UHFFFAOYSA-N,381.113171,um,3.985984,0,CC(C(=O)c1ccc(Cl)c2ccccc12)N(C)C(=O)OCc1ccccc1
145,PMID30934674,Benzyl (1-(4-chlorophenyl)-1-oxopropan-2-yl)(methyl)carbamate ,CC(C(=O)c1ccc(Cl)cc1)N(C)C(=O)OCc1ccccc1,'=',52.83,µM,,XXYMUUCDCHARES-UHFFFAOYSA-N,331.097521,um,4.277119,0,CC(C(=O)c1ccc(Cl)cc1)N(C)C(=O)OCc1ccccc1
146,PMID30934674,Benzyl (1-(4-methoxyphenyl)-1-oxopropan-2-yl)(methyl)carbamate,COc1ccc(C(=O)C(C)N(C)C(=O)OCc2ccccc2)cc1,'=',62.57,µM,,XFWZPVYRZIQEJG-UHFFFAOYSA-N,327.147058,um,4.203634,0,COc1ccc(C(=O)C(C)N(C)C(=O)OCc2ccccc2)cc1
147,PMID30934674,Benzyl (1-(benzo[d][13]dioxol-5-yl)-1-oxopropan-2-yl)(methyl)carbamate,CC(C(=O)c1ccc2c(c1)OCO2)N(C)C(=O)OCc1ccccc1,'=',75.57,µM,,KJLZDCGOXZEYGS-UHFFFAOYSA-N,341.126323,um,4.121651,0,CC(C(=O)c1ccc2c(c1)OCO2)N(C)C(=O)OCc1ccccc1
148,PMID30934674,Benzyl ethyl(1-oxo-1-phenylbutan-2-yl)carbamate,CCC(C(=O)c1ccccc1)N(CC)C(=O)OCc1ccccc1,'=',119.47,µM,,DYNXULPQAGURRX-UHFFFAOYSA-N,325.167794,um,3.922741,0,CCC(C(=O)c1ccccc1)N(CC)C(=O)OCc1ccccc1
149,PMID30934674,Benzyl ethyl(1-oxo-1-phenylpropan-2-yl)carbamate ,CCN(C(=O)OCc1ccccc1)C(C)C(=O)c1ccccc1,'=',158.41,µM,,PYUATKHGPMKBTR-UHFFFAOYSA-N,311.152144,um,3.800217,0,CCN(C(=O)OCc1ccccc1)C(C)C(=O)c1ccccc1
150,PMID30934674,Benzyl methyl(1-(naphthalen-1-yl)-1-oxopropan-2-yl)carbamate,CC(C(=O)c1cccc2ccccc12)N(C)C(=O)OCc1ccccc1,'=',105.2,µM,,UNFXYOCNHPIGDG-UHFFFAOYSA-N,347.152144,um,3.977984,0,CC(C(=O)c1cccc2ccccc12)N(C)C(=O)OCc1ccccc1
151,PMID30934674,Benzyl methyl(1-oxo-1-(m-tolyl)propan-2-yl)carbamate,Cc1cccc(C(=O)C(C)N(C)C(=O)OCc2ccccc2)c1,'=',83.32,µM,,QWPBVJZKVQUTHN-UHFFFAOYSA-N,311.152144,um,4.079251,0,Cc1cccc(C(=O)C(C)N(C)C(=O)OCc2ccccc2)c1
152,PMID30934674,Benzyl methyl(1-oxo-1-(p-tolyl)propan-2-yl)carbamate,Cc1ccc(C(=O)C(C)N(C)C(=O)OCc2ccccc2)cc1,'=',40.06,µM,,VLKRKXIYHCDNCK-UHFFFAOYSA-N,311.152144,um,4.397289,0,Cc1ccc(C(=O)C(C)N(C)C(=O)OCc2ccccc2)cc1
153,PMID30934674,Benzyl methyl(1-oxo-1-phenylbutan-2-yl)carbamate,CCC(C(=O)c1ccccc1)N(C)C(=O)OCc1ccccc1,'=',104.15,µM,,OKSKWCWSDIKHCZ-UHFFFAOYSA-N,311.152144,um,3.982341,0,CCC(C(=O)c1ccccc1)N(C)C(=O)OCc1ccccc1
154,PMID30934674,Benzyl methyl(1-oxo-1-phenylpentan-2-yl)carbamate ,CCCC(C(=O)c1ccccc1)N(C)C(=O)OCc1ccccc1,'=',134.65,µM,,MDFPZLHKZSYWHM-UHFFFAOYSA-N,325.167794,um,3.870794,0,CCCC(C(=O)c1ccccc1)N(C)C(=O)OCc1ccccc1
155,PMID30934674,Methyl (1-(3-chlorophenyl)-1-oxopropan-2-yl)(methyl)carbamate ,COC(=O)N(C)C(C)C(=O)c1cccc(Cl)c1,'=',329.68,µM,,ZZJSCKVXACBFKU-UHFFFAOYSA-N,255.066221,um,3.481907,0,COC(=O)N(C)C(C)C(=O)c1cccc(Cl)c1
156,PMID30934674,Methyl (1-(4-bromophenyl)-1-oxopropan-2-yl)(methyl)carbamate,COC(=O)N(C)C(C)C(=O)c1ccc(Br)cc1,'=',282.74,µM,,TUSMGNDYHUZMJS-UHFFFAOYSA-N,299.015705,um,3.548613,0,COC(=O)N(C)C(C)C(=O)c1ccc(Br)cc1
157,PMID30934674,Methyl (1-(4-chlorophenyl)-1-oxopropan-2-yl)(methyl)carbamate,COC(=O)N(C)C(C)C(=O)c1ccc(Cl)cc1,'=',308.8,µM,,XFKKVMFRNYJDQQ-UHFFFAOYSA-N,255.066221,um,3.510323,0,COC(=O)N(C)C(C)C(=O)c1ccc(Cl)cc1
158,PMID30934674,Methyl (1-(4-methoxyphenyl)-1-oxopropan-2-yl)(methyl)carbamate,COC(=O)N(C)C(C)C(=O)c1ccc(OC)cc1,'=',146.91,µM,,GHVKXTPRQZLOJU-UHFFFAOYSA-N,251.115758,um,3.832949,0,COC(=O)N(C)C(C)C(=O)c1ccc(OC)cc1
159,PMID30934674,Methyl (1-(benzo[d][13]dioxol-5-yl)-1-oxopropan-2-yl)(methyl)carbamate,COC(=O)N(C)C(C)C(=O)c1ccc2c(c1)OCO2,'=',225.46,µM,,RYLDIGKPBVYKMF-UHFFFAOYSA-N,265.095023,um,3.64693,0,COC(=O)N(C)C(C)C(=O)c1ccc2c(c1)OCO2
160,PMID30286669,methyl (E)-3-(4-hydroxy-3-methoxyphenyl)prop-2-enoate,COC(=O)C=Cc1ccc(O)c(OC)c1,'=',52.4,µM,,AUJXJFHANFIVKH-UHFFFAOYSA-N,208.073559,um,4.280669,0,COC(=O)C=Cc1ccc(O)c(OC)c1
161,PMID30934674,Methyl ethyl(1-oxo-1-phenylbutan-2-yl)carbamate,CCC(C(=O)c1ccccc1)N(CC)C(=O)OC,'=',273.74,µM,,FTOROFJAXGRBGV-UHFFFAOYSA-N,249.136493,um,3.562662,0,CCC(C(=O)c1ccccc1)N(CC)C(=O)OC
162,PMID30934674,Methyl ethyl(1-oxo-1-phenylpropan-2-yl)carbamate,CCN(C(=O)OC)C(C)C(=O)c1ccccc1,'=',245.33,µM,,BYUUTTSVNOZNLV-UHFFFAOYSA-N,235.120843,um,3.610249,0,CCN(C(=O)OC)C(C)C(=O)c1ccccc1
163,PMID30934674,Methyl methyl(1-(naphthalen-2-yl)-1-oxopropan-2-yl)carbamate ,COC(=O)N(C)C(C)C(=O)c1ccc2ccccc2c1,'=',126.82,µM,,BPBKMIBKFBAQEB-UHFFFAOYSA-N,271.120843,um,3.896812,0,COC(=O)N(C)C(C)C(=O)c1ccc2ccccc2c1
164,PMID30934674,Methyl methyl(1-oxo-1-(m-tolyl)propan-2-yl)carbamate,COC(=O)N(C)C(C)C(=O)c1cccc(C)c1,'=',133.98,µM,,ZJEBKMXTOQOPER-UHFFFAOYSA-N,235.120843,um,3.87296,0,COC(=O)N(C)C(C)C(=O)c1cccc(C)c1
165,PMID30934674,Methyl methyl(1-oxo-1-(p-tolyl)propan-2-yl)carbamate ,COC(=O)N(C)C(C)C(=O)c1ccc(C)cc1,'=',50.63,µM,,QNLDHJVBCKLFTC-UHFFFAOYSA-N,235.120843,um,4.295592,0,COC(=O)N(C)C(C)C(=O)c1ccc(C)cc1
166,PMID30934674,Methyl methyl(1-oxo-1-phenylbutan-2-yl)carbamate ,CCC(C(=O)c1ccccc1)N(C)C(=O)OC,'=',328.86,µM,,RXDIEGQCKNANPR-UHFFFAOYSA-N,235.120843,um,3.482989,0,CCC(C(=O)c1ccccc1)N(C)C(=O)OC
167,PMID30160188,N-((1-benzylpiperidin-4-yl)methyl)-2-(2-hydroxyphenyl)-1Hbenzo[d]imidazole-5-carboxamide,O=C(NCC1CCN(Cc2ccccc2)CC1)c1ccc2[nH]c(-c3ccccc3O)nc2c1,'=',4.2,µM,,NHPUJOVQISWFHF-UHFFFAOYSA-N,440.221226,um,5.376751,0,O=C(NCC1CCN(Cc2ccccc2)CC1)c1ccc2[nH]c(-c3ccccc3O)nc2c1
168,PMID30160188,N-((1-benzylpiperidin-4-yl)methyl)-7-methoxy-benzofuran-2-carboxamide,COc1cccc2cc(C(=O)NCC3CCN(Cc4ccccc4)CC3)oc12,'=',19.9,µM,,YRMWPSJCKOKLEX-UHFFFAOYSA-N,378.194343,um,4.701147,0,COc1cccc2cc(C(=O)NCC3CCN(Cc4ccccc4)CC3)oc12
169,PMID30160188,N-((1-benzylpiperidin-4-yl)methyl)benzofuran-2-carboxamide ,O=C(NCC1CCN(Cc2ccccc2)CC1)c1cc2ccccc2o1,'=',30,µM,,LFFFPMHLKJIHFH-UHFFFAOYSA-N,348.183778,um,4.522879,0,O=C(NCC1CCN(Cc2ccccc2)CC1)c1cc2ccccc2o1
170,PMID30712420,N-(2-((2-(1H-indol-3-yl)ethyl)amino)-2-oxoethyl)-N-(2-(1-benzylpiperidin-4-yl)ethyl)-4-oxo-4H-chromene-2-carboxamide ,O=C(CN(CCC1CCN(Cc2ccccc2)CC1)C(=O)c1cc(=O)c2ccccc2o1)NCCc1c[nH]c2ccccc12,'=',1.43,µM,,QRGXEYNWKLZQST-UHFFFAOYSA-N,590.289306,um,5.844664,0,O=C(CN(CCC1CCN(Cc2ccccc2)CC1)C(=O)c1cc(=O)c2ccccc2o1)NCCc1c[nH]c2ccccc12
171,PMID30712420,N-(2-((2-(1H-indol-3-yl)ethyl)amino)-2-oxoethyl)-N-(3-(1-benzylpiperidin-4-yl)propyl)-4-oxo-4H-chromene-2-carboxamide,O=C(CN(CCCC1CCN(Cc2ccccc2)CC1)C(=O)c1cc(=O)c2ccccc2o1)NCCc1c[nH]c2ccccc12,'=',0.26,µM,,TZWFILGETVVEHP-UHFFFAOYSA-N,604.304956,um,6.585027,1,O=C(CN(CCCC1CCN(Cc2ccccc2)CC1)C(=O)c1cc(=O)c2ccccc2o1)NCCc1c[nH]c2ccccc12
172,PMID30712420,N-(2-((2-(1H-indol-3-yl)ethyl)amino)-2-oxoethyl)-N-(4-(1-benzylpiperidin-4-yl)butyl)-4-oxo-4H-chromene-2-carboxamide,O=C(CN(CCCCC1CCN(Cc2ccccc2)CC1)C(=O)c1cc(=O)c2ccccc2o1)NCCc1c[nH]c2ccccc12,'=',0.06,µM,,ISCNDFDWIJRPET-UHFFFAOYSA-N,618.320606,um,7.221849,1,O=C(CN(CCCCC1CCN(Cc2ccccc2)CC1)C(=O)c1cc(=O)c2ccccc2o1)NCCc1c[nH]c2ccccc12
173,PMID30712420,N-(2-(1-benzylpiperidin-4-yl)ethyl)-4-oxo-N-(2-oxo-2-((2-(5-propoxy-1H-indol-3-yl)ethyl)amino)ethyl)-4H-chromene-2-carboxamide ,CCCOc1ccc2[nH]cc(CCNC(=O)CN(CCC3CCN(Cc4ccccc4)CC3)C(=O)c3cc(=O)c4ccccc4o3)c2c1,'=',0.85,µM,,PSINPWKOVBFESJ-UHFFFAOYSA-N,648.331171,um,6.070581,1,CCCOc1ccc2[nH]cc(CCNC(=O)CN(CCC3CCN(Cc4ccccc4)CC3)C(=O)c3cc(=O)c4ccccc4o3)c2c1
174,PMID30712420,N-(2-(1-benzylpiperidin-4-yl)ethyl)-N-(2-((2-(5-isopropoxy-1H-indol-3-yl)ethyl)amino)-2-oxoethyl)-4-oxo-4H-chromene-2-carboxamide,CC(C)Oc1ccc2[nH]cc(CCNC(=O)CN(CCC3CCN(Cc4ccccc4)CC3)C(=O)c3cc(=O)c4ccccc4o3)c2c1,'=',1.05,µM,,VAJBTBGMTJLNQY-UHFFFAOYSA-N,648.331171,um,5.978811,0,CC(C)Oc1ccc2[nH]cc(CCNC(=O)CN(CCC3CCN(Cc4ccccc4)CC3)C(=O)c3cc(=O)c4ccccc4o3)c2c1
175,PMID30712420,N-(2-(1-benzylpiperidin-4-yl)ethyl)-N-(2-((2-(5-methoxy-1H-indol-3-yl)ethyl)amino)-2-oxoethyl)-4-oxo-4H-chromene-2-carboxamide,COc1ccc2[nH]cc(CCNC(=O)CN(CCC3CCN(Cc4ccccc4)CC3)C(=O)c3cc(=O)c4ccccc4o3)c2c1,'=',0.69,µM,,MLVNIDDCINVEAE-UHFFFAOYSA-N,620.29987,um,6.161151,1,COc1ccc2[nH]cc(CCNC(=O)CN(CCC3CCN(Cc4ccccc4)CC3)C(=O)c3cc(=O)c4ccccc4o3)c2c1
176,PMID30160188,N-(2-(4-benzylpiperazin-1-yl)ethyl)-2-(2-hydroxyphenyl)-1Hbenzo[d]imidazole-5-carboxamide,O=C(NCCN1CCN(Cc2ccccc2)CC1)c1ccc2[nH]c(-c3ccccc3O)nc2c1,'=',6.9,µM,,IMVLFOVBENXFCO-UHFFFAOYSA-N,455.232125,um,5.161151,0,O=C(NCCN1CCN(Cc2ccccc2)CC1)c1ccc2[nH]c(-c3ccccc3O)nc2c1
177,PMID30160188,N-(2-(4-benzylpiperazin-1-yl)ethyl)-7-hydroxybenzofuran-2-carboxamide,O=C(NCCN1CCN(Cc2ccccc2)CC1)c1cc2cccc(O)c2o1,'=',20,µM,,APHAKCSANSLURU-UHFFFAOYSA-N,379.189592,um,4.69897,0,O=C(NCCN1CCN(Cc2ccccc2)CC1)c1cc2cccc(O)c2o1
178,PMID30160188,N-(2-(4-benzylpiperazin-1-yl)ethyl)-7-methoxybenzofuran-2-carboxamide ,COc1cccc2cc(C(=O)NCCN3CCN(Cc4ccccc4)CC3)oc12,'=',4,µM,,JTOIILQJNACTTB-UHFFFAOYSA-N,393.205242,um,5.39794,0,COc1cccc2cc(C(=O)NCCN3CCN(Cc4ccccc4)CC3)oc12
179,PMID30160188,N-(2-(4-benzylpiperazin-1-yl)ethyl)benzofuran-2-carboxamide,O=C(NCCN1CCN(Cc2ccccc2)CC1)c1cc2ccccc2o1,'=',18.5,µM,,SGRUQLJJQWAUMV-UHFFFAOYSA-N,363.194677,um,4.732828,0,O=C(NCCN1CCN(Cc2ccccc2)CC1)c1cc2ccccc2o1
180,PMID31139552,N‐(2‐(4‐methoxyphenyl)‐1234‐tetrahydro‐110‐phenanthroline‐4‐yl) formamide,COc1ccc(C2CC(NC=O)c3ccc4cccnc4c3N2)cc1,'=',362.11,µM,,OXJMLDVCRBTRGM-UHFFFAOYSA-N,333.147727,um,3.441159,0,COc1ccc(C2CC(NC=O)c3ccc4cccnc4c3N2)cc1
181,PMID31139552,N‐(2‐(4‐methylphenyl)‐1234‐tetrahydro‐110‐phenanthroline‐4‐yl)formamide,Cc1ccc(C2CC(NC=O)c3ccc4cccnc4c3N2)cc1,'=',208.07,µM,fixed,JMSYRTZARRBFBP-UHFFFAOYSA-N,317.152812,um,3.681791,0,Cc1ccc(C2CC(NC=O)c3ccc4cccnc4c3N2)cc1
182,PMID31139552,N‐(2‐(4‐nitrophenyl)‐1234‐tetrahydro‐110‐phenanthroline‐4‐yl) formamide,O=CNC1CC(c2ccc([N+](=O)[O-])cc2)Nc2c1ccc1cccnc21,'=',96.52,µM,,JYQYQJGFSGGICP-UHFFFAOYSA-N,348.12224,um,4.015383,0,O=CNC1CC(c2ccc([N+](=O)[O-])cc2)Nc2c1ccc1cccnc21
183,PMID31139552,N‐(2‐(pyridin‐2‐yl)‐1234‐tetrahydro‐110‐phenanthroline‐4‐yl) formamide,O=CNC1CC(c2ccccn2)Nc2c1ccc1cccnc21,'=',143.66,µM,,KPRWQWHFOYLDJS-UHFFFAOYSA-N,304.132411,um,3.842664,0,O=CNC1CC(c2ccccn2)Nc2c1ccc1cccnc21
184,PMID31139552,N‐(2‐(pyridin‐3‐yl)‐1234‐tetrahydro‐110‐phenanthroline‐4‐yl) formamide,O=CNC1CC(c2cccnc2)Nc2c1ccc1cccnc21,'=',140.2,µM,,SUAFUBMKIAXCPE-UHFFFAOYSA-N,304.132411,um,3.853252,0,O=CNC1CC(c2cccnc2)Nc2c1ccc1cccnc21
185,PMID31139552,N‐(2‐(pyridin‐4‐yl)1234‐tetrahydro‐110‐phenanthroline‐4‐yl) formamide,O=CNC1CC(c2ccncc2)Nc2c1ccc1cccnc21,'=',63.63,µM,,WXZLYZUAHOCPMQ-UHFFFAOYSA-N,304.132411,um,4.196338,0,O=CNC1CC(c2ccncc2)Nc2c1ccc1cccnc21
186,PMID30712420,N-(3-(1-benzylpiperidin-4-yl)propyl)-4-oxo-N-(2-oxo-2-((2-(5-propoxy-1H-indol-3-yl)ethyl)amino)ethyl)-4H-chromene-2-carboxamide,CCCOc1ccc2[nH]cc(CCNC(=O)CN(CCCC3CCN(Cc4ccccc4)CC3)C(=O)c3cc(=O)c4ccccc4o3)c2c1,'=',0.38,µM,,VRDKZDACFOHANC-UHFFFAOYSA-N,662.346821,um,6.420216,1,CCCOc1ccc2[nH]cc(CCNC(=O)CN(CCCC3CCN(Cc4ccccc4)CC3)C(=O)c3cc(=O)c4ccccc4o3)c2c1
187,PMID30712420,N-(3-(1-benzylpiperidin-4-yl)propyl)-N-(2-((2-(5-isopropoxy-1H-indol-3-yl)ethyl)amino)-2-oxoethyl)-4-oxo-4H-chromene-2-carboxamide,CC(C)Oc1ccc2[nH]cc(CCNC(=O)CN(CCCC3CCN(Cc4ccccc4)CC3)C(=O)c3cc(=O)c4ccccc4o3)c2c1,'=',0.36,µM,,RLXAPOMWARRNDP-UHFFFAOYSA-N,662.346821,um,6.443697,1,CC(C)Oc1ccc2[nH]cc(CCNC(=O)CN(CCCC3CCN(Cc4ccccc4)CC3)C(=O)c3cc(=O)c4ccccc4o3)c2c1
188,PMID30712420,N-(3-(1-benzylpiperidin-4-yl)propyl)-N-(2-((2-(5-methoxy-1H-indol-3-yl)ethyl)amino)-2-oxoethyl)-4-oxo-4H-chromene-2-carboxamide,COc1ccc2[nH]cc(CCNC(=O)CN(CCCC3CCN(Cc4ccccc4)CC3)C(=O)c3cc(=O)c4ccccc4o3)c2c1,'=',0.27,µM,,YZEFZNVSKYEUED-UHFFFAOYSA-N,634.31552,um,6.568636,1,COc1ccc2[nH]cc(CCNC(=O)CN(CCCC3CCN(Cc4ccccc4)CC3)C(=O)c3cc(=O)c4ccccc4o3)c2c1
189,PMID30712420,N-(4-(1-benzylpiperidin-4-yl)butyl)-4-oxo-N-(2-oxo-2-((2-(5-propoxy-1H-indol-3-yl)ethyl)amino)ethyl)-4H-chromene-2-carboxamide ,CCCOc1ccc2[nH]cc(CCNC(=O)CN(CCCCC3CCN(Cc4ccccc4)CC3)C(=O)c3cc(=O)c4ccccc4o3)c2c1,'=',0.08,µM,,CYQBZXXNQBMJEY-UHFFFAOYSA-N,676.362471,um,7.09691,1,CCCOc1ccc2[nH]cc(CCNC(=O)CN(CCCCC3CCN(Cc4ccccc4)CC3)C(=O)c3cc(=O)c4ccccc4o3)c2c1
190,PMID30712420,N-(4-(1-benzylpiperidin-4-yl)butyl)-N-(2-((2-(5-isopropoxy-1H-indol-3-yl)ethyl)amino)-2-oxoethyl)-4-oxo-4H-chromene-2-carboxamide,CC(C)Oc1ccc2[nH]cc(CCNC(=O)CN(CCCCC3CCN(Cc4ccccc4)CC3)C(=O)c3cc(=O)c4ccccc4o3)c2c1,'=',0.09,µM,,LLOJOPRRGHSTNV-UHFFFAOYSA-N,676.362471,um,7.045757,1,CC(C)Oc1ccc2[nH]cc(CCNC(=O)CN(CCCCC3CCN(Cc4ccccc4)CC3)C(=O)c3cc(=O)c4ccccc4o3)c2c1
191,PMID30712420,N-(4-(1-benzylpiperidin-4-yl)butyl)-N-(2-((2-(5-methoxy-1H-indol-3-yl)ethyl)amino)-2-oxoethyl)-4-oxo-4H-chromene-2-carboxamide ,COc1ccc2[nH]cc(CCNC(=O)CN(CCCCC3CCN(Cc4ccccc4)CC3)C(=O)c3cc(=O)c4ccccc4o3)c2c1,'=',0.48,µM,,LHSUEACWFJGZKG-UHFFFAOYSA-N,648.331171,um,6.318759,1,COc1ccc2[nH]cc(CCNC(=O)CN(CCCCC3CCN(Cc4ccccc4)CC3)C(=O)c3cc(=O)c4ccccc4o3)c2c1
192,PMID29617286,N-[2-(34-Dihydroxyphenyl)ethyl]-(E)-3-(34-dihydroxyphenyl)acrylamide,O=C(/C=C/c1ccc(O)c(O)c1)NCCc1ccc(O)c(O)c1,'=',19.12,µM,,FSMGGLPUXCKRGT-ZZXKWVIFSA-N,315.110673,um,4.718512,0,O=C(/C=C/c1ccc(O)c(O)c1)NCCc1ccc(O)c(O)c1
193,PMID29617286,N-[2-(34-Dihydroxyphenyl)ethyl]-(E)-3-(4-hydroxy-3-methoxyphenyl)acrylamide,COc1cc(/C=C/C(=O)NCCc2ccc(O)c(O)c2)ccc1O,'=',8.52,µM,,ZRLYUFOWFPPSTD-QPJJXVBHSA-N,329.126323,um,5.06956,0,COc1cc(/C=C/C(=O)NCCc2ccc(O)c(O)c2)ccc1O
194,PMID30934674,Phenyl (1-(34-dimethylphenyl)-1-oxopropan-2-yl)(methyl)carbamate,Cc1ccc(C(=O)C(C)N(C)C(=O)Oc2ccccc2)cc1C,'=',47.95,µM,,DMNOIAZFBBYUJK-UHFFFAOYSA-N,311.152144,um,4.319211,0,Cc1ccc(C(=O)C(C)N(C)C(=O)Oc2ccccc2)cc1C
195,PMID30934674,Phenyl (1-(3-chlorophenyl)-1-oxopropan-2-yl)(methyl)carbamate ,CC(C(=O)c1cccc(Cl)c1)N(C)C(=O)Oc1ccccc1,'=',108.81,µM,,WKKNSZQWSFZOQB-UHFFFAOYSA-N,317.081871,um,3.963331,0,CC(C(=O)c1cccc(Cl)c1)N(C)C(=O)Oc1ccccc1
196,PMID30934674,Phenyl (1-(4-bromonaphthalen-1-yl)-1-oxopropan-2-yl)(methyl)carbamate,CC(C(=O)c1ccc(Br)c2ccccc12)N(C)C(=O)Oc1ccccc1,'=',61.68,µM,,ZQHMGIWIQKDQPO-UHFFFAOYSA-N,411.047006,um,4.209856,0,CC(C(=O)c1ccc(Br)c2ccccc12)N(C)C(=O)Oc1ccccc1
197,PMID30934674,Phenyl (1-(4-bromophenyl)-1-oxopropan-2-yl)(methyl)carbamate ,CC(C(=O)c1ccc(Br)cc1)N(C)C(=O)Oc1ccccc1,'=',51.46,µM,,ORCYKFHITIMBLH-UHFFFAOYSA-N,361.031355,um,4.28853,0,CC(C(=O)c1ccc(Br)cc1)N(C)C(=O)Oc1ccccc1
198,PMID30934674,Phenyl (1-(4-chloronaphthalen-1-yl)-1-oxopropan-2-yl)(methyl)carbamate ,CC(C(=O)c1ccc(Cl)c2ccccc12)N(C)C(=O)Oc1ccccc1,'=',30.64,µM,,UDUYMVXSZYQDQL-UHFFFAOYSA-N,367.097521,um,4.513711,0,CC(C(=O)c1ccc(Cl)c2ccccc12)N(C)C(=O)Oc1ccccc1
199,PMID30934674,Phenyl (1-(4-chlorophenyl)-1-oxopropan-2-yl)(methyl)carbamate,CC(C(=O)c1ccc(Cl)cc1)N(C)C(=O)Oc1ccccc1,'=',44.24,µM,,VVGVHNREOMGPBJ-UHFFFAOYSA-N,317.081871,um,4.354185,0,CC(C(=O)c1ccc(Cl)cc1)N(C)C(=O)Oc1ccccc1
200,PMID30934674,Phenyl (1-(4-methoxyphenyl)-1-oxopropan-2-yl)(methyl)carbamate,COc1ccc(C(=O)C(C)N(C)C(=O)Oc2ccccc2)cc1,'=',90.21,µM,,ITVGBNIWHHWQHA-UHFFFAOYSA-N,313.131408,um,4.044745,0,COc1ccc(C(=O)C(C)N(C)C(=O)Oc2ccccc2)cc1
201,PMID30934674,Phenyl (1-(benzo[d][13]dioxol-5-yl)-1-oxopropan-2-yl)(methyl)carbamate ,CC(C(=O)c1ccc2c(c1)OCO2)N(C)C(=O)Oc1ccccc1,'=',84,µM,,OMVHCZUSWVPODR-UHFFFAOYSA-N,327.110673,um,4.075721,0,CC(C(=O)c1ccc2c(c1)OCO2)N(C)C(=O)Oc1ccccc1
202,PMID30934674,Phenyl (1-(naphthalen-1-yl)-1-oxopropan-2-yl)(methyl)carbamate,CC(C(=O)c1cccc2ccccc12)N(C)C(=O)Oc1ccccc1,'=',99.58,µM,,MFSVYWGVUVCAAC-UHFFFAOYSA-N,333.136493,um,4.001828,0,CC(C(=O)c1cccc2ccccc12)N(C)C(=O)Oc1ccccc1
203,PMID30934674,Phenyl ethyl(1-oxo-1-phenylbutan-2-yl)carbamate,CCC(C(=O)c1ccccc1)N(CC)C(=O)Oc1ccccc1,'=',95.69,µM,,OJFUXOGMBPBNFU-UHFFFAOYSA-N,311.152144,um,4.019133,0,CCC(C(=O)c1ccccc1)N(CC)C(=O)Oc1ccccc1
204,PMID30934674,Phenyl ethyl(1-oxo-1-phenylpropan-2-yl)carbamate,CCN(C(=O)Oc1ccccc1)C(C)C(=O)c1ccccc1,'=',166.72,µM,,SFBVFXKQSFDKSV-UHFFFAOYSA-N,297.136493,um,3.778012,0,CCN(C(=O)Oc1ccccc1)C(C)C(=O)c1ccccc1
205,PMID30934674,Phenyl methyl(1-oxo-1-(m-tolyl)propan-2-yl)carbamate,Cc1cccc(C(=O)C(C)N(C)C(=O)Oc2ccccc2)c1,'=',165.62,µM,,DYKTUMHQIJYNAX-UHFFFAOYSA-N,297.136493,um,3.780887,0,Cc1cccc(C(=O)C(C)N(C)C(=O)Oc2ccccc2)c1
206,PMID30934674,Phenyl methyl(1-oxo-1-(p-tolyl)propan-2-yl)carbamate ,Cc1ccc(C(=O)C(C)N(C)C(=O)Oc2ccccc2)cc1,'=',138.64,µM,,ZTOWZVKKTNAUPT-UHFFFAOYSA-N,297.136493,um,3.858111,0,Cc1ccc(C(=O)C(C)N(C)C(=O)Oc2ccccc2)cc1
207,PMID30934674,Phenyl methyl(1-oxo-1-phenylbutan-2-yl)carbamate,CCC(C(=O)c1ccccc1)N(C)C(=O)Oc1ccccc1,'=',179.02,µM,,KYWRVWVMGCYVJR-UHFFFAOYSA-N,297.136493,um,3.747098,0,CCC(C(=O)c1ccccc1)N(C)C(=O)Oc1ccccc1
208,PMID30934674,Phenyl methyl(1-oxo-1-phenylpentan-2-yl)carbamate,CCCC(C(=O)c1ccccc1)N(C)C(=O)Oc1ccccc1,'=',97.97,µM,,VTAGIDMUIDZINV-UHFFFAOYSA-N,311.152144,um,4.008907,0,CCCC(C(=O)c1ccccc1)N(C)C(=O)Oc1ccccc1
