index,PMID,Chemical Name,Smiles,Standard Value,Standard Units,Standard Relation,Unnamed: 6,Unnamed: 7,InChi,MW,standardized_Standard Units,neg_log_M_Standard_Valuemean,binary_activities,SMILES
0,PMID31316368,1-(4-Amino-5-chloro-2-methoxyphenyl)-3-(1-(3-methylbenzyl)piperidin-4-yl)propan-1-one,COc1cc(N)c(Cl)cc1C(=O)CCC1CCN(Cc2cccc(C)c2)CC1,161,nM,'=',,,MLGZODWUOIZOPO-UHFFFAOYSA-N,400.191756,nm,7.132772,1,COc1cc(N)c(Cl)cc1C(=O)CCC1CCN(Cc2cccc(C)c2)CC1
1,PMID32932702,13-bis[5-(o-cyanobenzylethylamino)pentyl]-6-methyluracil ,CCN(CCCCCn1c(C)cc(=O)n(CCCCCN(CC)Cc2ccccc2C#N)c1=O)Cc1ccccc1C#N,7.3,nM,'=',,,HSTIQTQFKBPUBM-UHFFFAOYSA-N,582.368225,nm,8.453114,1,CCN(CCCCCn1c(C)cc(=O)n(CCCCCN(CC)Cc2ccccc2C#N)c1=O)Cc1ccccc1C#N
2,PMID32932702,13-bis[6-(o-cyanobenzylethylamino)hexyl]-6-methyluracil ,CCN(CCCCCCn1c(C)cc(=O)n(CCCCCCN(CC)Cc2ccccc2C#N)c1=O)Cc1ccccc1C#N,29,nM,'=',,,VZLMPEWEWNBPNU-UHFFFAOYSA-N,610.399525,nm,7.578695,1,CCN(CCCCCCn1c(C)cc(=O)n(CCCCCCN(CC)Cc2ccccc2C#N)c1=O)Cc1ccccc1C#N
3,PMID32932702,13-bis[5-(o-cyanobenzylethylamino)pentyl]-quinazoline-24-dione,CCN(CCCCCn1c(=O)c2ccccc2n(CCCCCN(CC)Cc2ccccc2C#N)c1=O)Cc1ccccc1C#N,38,nM,'=',,,MUHGJDAKOZGKRH-UHFFFAOYSA-N,618.368225,nm,7.378729,1,CCN(CCCCCn1c(=O)c2ccccc2n(CCCCCN(CC)Cc2ccccc2C#N)c1=O)Cc1ccccc1C#N
4,PMID29534488,9-Amino-1234-tetrahydro-10-methylacridin-10-ium iodide,C[n+]1c2c(c(N)c3ccccc31)CCCC2,12,µM,'=',,,XZCXCNCLCXZILU-UHFFFAOYSA-O,213.138625,um,4.920819,0,C[n+]1c2c(c(N)c3ccccc31)CCCC2
5,PMID29534488,9-Amino-6-chloro-1234-tetrahydro-10-methylacridin-10-ium iodide,C[n+]1c2c(c(N)c3ccc(Cl)cc31)CCCC2,2.45,µM,'=',,,NNLSQYGKFPZYHI-UHFFFAOYSA-O,247.099653,um,5.610834,0,C[n+]1c2c(c(N)c3ccc(Cl)cc31)CCCC2
6,PMID29534488,12-Amino-3-chloro-671011-tetrahydro-59-dimethyl-711-methanocycloocta[b]quinolin-5-ium iodide,CC1=CC2Cc3c(c(N)c4ccc(Cl)cc4[n+]3C)C(C1)C2,59.2,nM,'=',,,TZXVXFOBFZEJHR-UHFFFAOYSA-O,299.130953,nm,7.227678,1,CC1=CC2Cc3c(c(N)c4ccc(Cl)cc4[n+]3C)C(C1)C2
7,PMID29534488,2-{1-[2-(1234-Tetrahydroacridin-9-ylamino)ethyl]-1H-123-triazol-4-yl}ethanol,OCCc1cn(CCNc2c3c(nc4ccccc24)CCCC3)nn1,1.73,µM,'=',,,BDRLKUBDKVXEAT-UHFFFAOYSA-N,337.19026,um,5.761954,0,OCCc1cn(CCNc2c3c(nc4ccccc24)CCCC3)nn1
8,PMID29534488,2-{1-[2-(6-Chloro-1234-tetrahydroacridin-9-ylamino)ethyl]-1H-123-triazol-4-yl}ethanol ,OCCc1cn(CCNc2c3c(nc4cc(Cl)ccc24)CCCC3)nn1,0.2,µM,'=',,,WFZSNNNCZAXVMA-UHFFFAOYSA-N,371.151288,um,6.69897,1,OCCc1cn(CCNc2c3c(nc4cc(Cl)ccc24)CCCC3)nn1
9,PMID29534488,N-[4-(hydroxy)-3-methoxybenzyl]-2-{1-[2-(1234-tetrahydroacridin-9-ylamino)ethyl]-1H-123-triazol-4-yl}acetamide,COc1cc(CNC(=O)Cc2cn(CCNc3c4c(nc5ccccc35)CCCC4)nn2)ccc1O,0.25,µM,'=',,,NDZILZAQOYRZHC-UHFFFAOYSA-N,486.237939,um,6.60206,1,COc1cc(CNC(=O)Cc2cn(CCNc3c4c(nc5ccccc35)CCCC4)nn2)ccc1O
10,PMID29534488,2-{1-[2-(6-Chloro-1234-tetrahydroacridin-9-ylamino)ethyl]-1H-123-triazol-4-yl}-N-[4-(hydroxy)-3-methoxybenzyl]acetamide,COc1cc(CNC(=O)Cc2cn(CCNc3c4c(nc5cc(Cl)ccc35)CCCC4)nn2)ccc1O,7.18,nM,'=',,,QGOFBQWQLIHCSC-UHFFFAOYSA-N,520.198966,nm,8.143876,1,COc1cc(CNC(=O)Cc2cn(CCNc3c4c(nc5cc(Cl)ccc35)CCCC4)nn2)ccc1O
18,PMID29850593,(6aS)-110-dimethoxy-6-methyl-566a7-tetrahydro-4H-dibenzo[deg]quinoline-29-diol,COc1cc2c(cc1O)CC1c3c(cc(O)c(OC)c3-2)CCN1C,372.3,µM,'=',,,LZJRNLRASBVRRX-UHFFFAOYSA-N,327.147058,um,3.429107,0,COc1cc2c(cc1O)CC1c3c(cc(O)c(OC)c3-2)CCN1C
19,PMID29967717,N-Ethyl-N-(4-methoxyphenethyl)-4-methylbenzensulfonamide,CCN(CCc1ccc(OC)cc1)S(=O)(=O)c1ccc(C)cc1,22.549,µM,'=',,,BJQMSCLUTODXEF-UHFFFAOYSA-N,333.139865,um,4.646873,0,CCN(CCc1ccc(OC)cc1)S(=O)(=O)c1ccc(C)cc1
20,PMID29967717,N-(4-Methoxyphenethyl)-4-methyl-N-(1-propyl)benzensulfonamide,CCCN(CCc1ccc(OC)cc1)S(=O)(=O)c1ccc(C)cc1,4.1643,µM,'=',,,JTDJDBDFBJNSNL-UHFFFAOYSA-N,347.155515,um,5.380458,0,CCCN(CCc1ccc(OC)cc1)S(=O)(=O)c1ccc(C)cc1
21,PMID29967717,N-(4-Methoxyphenethyl)-4-methyl-N-(2-propyl)benzensulfonamide,COc1ccc(CCN(C(C)C)S(=O)(=O)c2ccc(C)cc2)cc1,0.0751,µM,'=',,,AWOWQGYKVWFUNN-UHFFFAOYSA-N,347.155515,um,7.12436,1,COc1ccc(CCN(C(C)C)S(=O)(=O)c2ccc(C)cc2)cc1
22,PMID29967717,N-(1-Butyl)-N-(4-methoxyphenethyl)-4-methylbenzensulfonamide,CCCCN(CCc1ccc(OC)cc1)S(=O)(=O)c1ccc(C)cc1,0.1195,µM,'=',,,WGIKOLJMLDKWSN-UHFFFAOYSA-N,361.171165,um,6.922632,1,CCCCN(CCc1ccc(OC)cc1)S(=O)(=O)c1ccc(C)cc1
23,PMID29967717,N-(4-Methoxyphenethyl)-4-methyl-N-(1-pentyl)benzensulfonamide,CCCCCN(CCc1ccc(OC)cc1)S(=O)(=O)c1ccc(C)cc1,0.3979,µM,'=',,,MMOULABEDMBASK-UHFFFAOYSA-N,375.186815,um,6.400226,1,CCCCCN(CCc1ccc(OC)cc1)S(=O)(=O)c1ccc(C)cc1
24,PMID29967717,N-(1-Heptyl)-N-(4-methoxyphenethyl)-4-methylbenzensulfonamide,CCCCCCCN(CCc1ccc(OC)cc1)S(=O)(=O)c1ccc(C)cc1,0.4444,µM,'=',,,HXPQBKDCBFHAAD-UHFFFAOYSA-N,403.218115,um,6.352226,1,CCCCCCCN(CCc1ccc(OC)cc1)S(=O)(=O)c1ccc(C)cc1
25,PMID29967717,N-(4-Methoxyphenethyl)-4-methyl-N-(3-phenyl-1-propyl)benzensulfonamide,COc1ccc(CCN(CCCc2ccccc2)S(=O)(=O)c2ccc(C)cc2)cc1,0.798,µM,'=',,,XVCZJKBSYCXANF-UHFFFAOYSA-N,423.186815,um,6.097997,1,COc1ccc(CCN(CCCc2ccccc2)S(=O)(=O)c2ccc(C)cc2)cc1
26,PMID29967717,N-(4-Methoxyphenethyl)-4-methyl-N-(2-methylbenzyl)benzensulfonamide,COc1ccc(CCN(Cc2ccccc2C)S(=O)(=O)c2ccc(C)cc2)cc1,1.0108,µM,'=',fixed,,PSUCRFOVYYXKEB-UHFFFAOYSA-N,409.171165,um,5.995335,0,COc1ccc(CCN(Cc2ccccc2C)S(=O)(=O)c2ccc(C)cc2)cc1
27,PMID29967717,N-(4-Methoxyphenethyl)-4-methyl-N-(3-methylbenzyl)benzensulfonamide,COc1ccc(CCN(Cc2cccc(C)c2)S(=O)(=O)c2ccc(C)cc2)cc1,0.4695,µM,'=',,,RTMAXQTVFROUDB-UHFFFAOYSA-N,409.171165,um,6.328364,1,COc1ccc(CCN(Cc2cccc(C)c2)S(=O)(=O)c2ccc(C)cc2)cc1
28,PMID29967717,N-(4-Methoxyphenethyl)-4-methyl-N-(4-methylbenzyl)benzensulfonamide ,COc1ccc(CCN(Cc2ccc(C)cc2)S(=O)(=O)c2ccc(C)cc2)cc1,1.1077,µM,'=',,,VNXALGBXNVPBSX-UHFFFAOYSA-N,409.171165,um,5.955578,0,COc1ccc(CCN(Cc2ccc(C)cc2)S(=O)(=O)c2ccc(C)cc2)cc1
29,PMID30110946,2-(9-Acridinylamino)-2-oxoethyl 4-(4-(trifluoromethyl)benzyl)piperazine-1-carbodithioate ,O=C(CSC(=S)N1CCN(Cc2ccc(C(F)(F)F)cc2)CC1)Nc1c2ccccc2nc2ccccc12,49.129,µM,'=',,,LQAFXOQGTBPSEZ-UHFFFAOYSA-N,554.142188,um,4.308662,0,O=C(CSC(=S)N1CCN(Cc2ccc(C(F)(F)F)cc2)CC1)Nc1c2ccccc2nc2ccccc12
30,PMID30567381,(E)-1-(4-Fluoro-2-hydroxy-5-iodophenyl)-3-phenyl-2-propen-1-one,O=C(/C=C/c1ccccc1)c1cc(I)c(F)cc1O,38.78,µM,'=',,,MMEJMJUVYCBROP-VOTSOKGWSA-N,367.970956,um,4.411392,0,O=C(/C=C/c1ccccc1)c1cc(I)c(F)cc1O
31,PMID30567381,(E)-1-(4-Fluoro-2-hydroxy-5-iodophenyl)-3-(p-fluorophenyl)-2-propen-1-one,O=C(/C=C/c1ccc(F)cc1)c1cc(I)c(F)cc1O,16.6,µM,'=',,,FLONFELDBLMDLQ-ZZXKWVIFSA-N,385.961534,um,4.779892,0,O=C(/C=C/c1ccc(F)cc1)c1cc(I)c(F)cc1O
32,PMID30567381,(E)-3-(4-chlorophenyl)-1-(4-fluoro-2-hydroxy-5-iodophenyl)prop-2-en-1-one,O=C(/C=C/c1ccc(Cl)cc1)c1cc(I)c(F)cc1O,10.5,µM,'=',,,QVIYAXOGHVUMHH-ZZXKWVIFSA-N,401.931983,um,4.978811,0,O=C(/C=C/c1ccc(Cl)cc1)c1cc(I)c(F)cc1O
33,PMID30567381,(E)-1-(4-Fluoro-2-hydroxy-5-iodophenyl)-3-(p-methoxyphenyl)-2-propen-1-one,COc1ccc(/C=C/C(=O)c2cc(I)c(F)cc2O)cc1,10.95,µM,'=',,,FMSUPSCNXZIUPJ-QPJJXVBHSA-N,397.98152,um,4.960586,0,COc1ccc(/C=C/C(=O)c2cc(I)c(F)cc2O)cc1
34,PMID30567381,(E)-1-(4-Chloro-2-hydroxy-5-iodophenyl)-3-phenyl-2-propen-1-one,O=C(/C=C/c1ccccc1)c1cc(I)c(Cl)cc1O,10.64,µM,'=',,,FZTXROGREUAKMW-VOTSOKGWSA-N,383.941405,um,4.973058,0,O=C(/C=C/c1ccccc1)c1cc(I)c(Cl)cc1O
35,PMID30567381,(E)-1-(4-Chloro-2-hydroxy-5-iodophenyl)-3-(p-fluorophenyl)-2-propen-1-one,O=C(/C=C/c1ccc(F)cc1)c1cc(I)c(Cl)cc1O,9.57,µM,'=',,,ZIZWGWKDQPDIIV-ZZXKWVIFSA-N,401.931983,um,5.019088,0,O=C(/C=C/c1ccc(F)cc1)c1cc(I)c(Cl)cc1O
36,PMID30567381,(E)-1-(4-Chloro-2-hydroxy-5-iodophenyl)-3-(p-chlorophenyl)-2-propen-1-one,O=C(/C=C/c1ccc(Cl)cc1)c1cc(I)c(Cl)cc1O,11,µM,'=',,,PXXMIPIYKGCHSC-ZZXKWVIFSA-N,417.902433,um,4.958607,0,O=C(/C=C/c1ccc(Cl)cc1)c1cc(I)c(Cl)cc1O
37,PMID30567381,(E)-1-(4-Chloro-2-hydroxy-5-iodophenyl)-3-(p-methoxyphenyl)-2-propen-1-one,COc1ccc(/C=C/C(=O)c2cc(I)c(Cl)cc2O)cc1,11.72,µM,'=',,,QLCWXMQTECDEPJ-QPJJXVBHSA-N,413.95197,um,4.931072,0,COc1ccc(/C=C/C(=O)c2cc(I)c(Cl)cc2O)cc1
38,PMID30567381,(E)-1-(4-Bromo-2-hydroxy-5-iodophenyl)-3-phenyl-2-propen-1-one,O=C(/C=C/c1ccccc1)c1cc(I)c(Br)cc1O,58.14,µM,'=',,,ZEKNQZKYVJIFMD-VOTSOKGWSA-N,427.89089,um,4.235525,0,O=C(/C=C/c1ccccc1)c1cc(I)c(Br)cc1O
39,PMID30567381,(E)-1-(4-Bromo-2-hydroxy-5-iodophenyl)-3-(p-fluorophenyl)-2-propen-1-one,O=C(/C=C/c1ccc(F)cc1)c1cc(I)c(Br)cc1O,10.98,µM,'=',,,SOPWLEVFHSWSKJ-ZZXKWVIFSA-N,445.881468,um,4.959398,0,O=C(/C=C/c1ccc(F)cc1)c1cc(I)c(Br)cc1O
40,PMID30567381,(E)-1-(4-Bromo-2-hydroxy-5-iodophenyl)-3-(p-chlorophenyl)-2-propen-1-one,O=C(/C=C/c1ccc(Cl)cc1)c1cc(I)c(Br)cc1O,11.56,µM,'=',,,NNHZFGGYDMINSE-ZZXKWVIFSA-N,461.851917,um,4.937042,0,O=C(/C=C/c1ccc(Cl)cc1)c1cc(I)c(Br)cc1O
41,PMID30567381,(E)-1-(4-Bromo-2-hydroxy-5-iodophenyl)-3-(p-methoxyphenyl)-2-propen-1-one,COc1ccc(/C=C/C(=O)c2cc(I)c(Br)cc2O)cc1,10.51,µM,'=',,,NCSZPJGGBYCDJX-QPJJXVBHSA-N,457.901454,um,4.978397,0,COc1ccc(/C=C/C(=O)c2cc(I)c(Br)cc2O)cc1
42,PMID30567381,(E)-1-(2-Hydroxy-5-iodo-4-methoxyphenyl)-3-phenylprop-2-en-1-one,COc1cc(O)c(C(=O)/C=C/c2ccccc2)cc1I,10.01,µM,'=',,,JNASXZZLXHIIIU-BQYQJAHWSA-N,379.990942,um,4.999566,0,COc1cc(O)c(C(=O)/C=C/c2ccccc2)cc1I
43,PMID30567381,(E)-3-(4-Fluorophenyl)-1-(2-hydroxy-5-iodo-4-methoxyphenyl)prop-2-en-1-one,COc1cc(O)c(C(=O)/C=C/c2ccc(F)cc2)cc1I,9.38,µM,'=',,,HEQJVGJFFZGZOW-QPJJXVBHSA-N,397.98152,um,5.027797,0,COc1cc(O)c(C(=O)/C=C/c2ccc(F)cc2)cc1I
44,PMID30567381,(E)-3-(4-Chlorophenyl)-1-(2-hydroxy-5-iodo-4-methoxyphenyl)prop-2-en-1-one,COc1cc(O)c(C(=O)/C=C/c2ccc(Cl)cc2)cc1I,11.07,µM,'=',,,VFZSQJZAVRTMLN-QPJJXVBHSA-N,413.95197,um,4.955852,0,COc1cc(O)c(C(=O)/C=C/c2ccc(Cl)cc2)cc1I
45,PMID30567381,(E)-1-(2-Hydroxy-5-iodo-4-methoxyphenyl)-3-(4-methoxyphenyl)prop-2-en-1-one,COc1ccc(/C=C/C(=O)c2cc(I)c(OC)cc2O)cc1,10.96,µM,'=',,,WZBZEXVUPQKLJA-VMPITWQZSA-N,410.001507,um,4.960189,0,COc1ccc(/C=C/C(=O)c2cc(I)c(OC)cc2O)cc1
46,PMID30567381,7-Fluoro-3-hydroxy-6-iodo-2-phenyl-4H-chromen-4-one,O=c1c(O)c(-c2ccccc2)oc2cc(F)c(I)cc12,29.71,µM,'=',,,XKWRLIQHSKYALC-UHFFFAOYSA-N,381.95022,um,4.527097,0,O=c1c(O)c(-c2ccccc2)oc2cc(F)c(I)cc12
47,PMID30567381,7-Fluoro-2-(4-fluorophenyl)-3-hydroxy-6-iodo-4H-chromen-4-one,O=c1c(O)c(-c2ccc(F)cc2)oc2cc(F)c(I)cc12,3.23,µM,'=',,,ZGOGMVHNWUBZGX-UHFFFAOYSA-N,399.940799,um,5.490797,0,O=c1c(O)c(-c2ccc(F)cc2)oc2cc(F)c(I)cc12
48,PMID30567381,2-(4-Chlorophenyl)-7-fluoro-3-hydroxy-6-iodo-4H-chromen-4-one,O=c1c(O)c(-c2ccc(Cl)cc2)oc2cc(F)c(I)cc12,3.45,µM,'=',,,SCFYJLFSWICSOK-UHFFFAOYSA-N,415.911248,um,5.462181,0,O=c1c(O)c(-c2ccc(Cl)cc2)oc2cc(F)c(I)cc12
49,PMID30567381,7-Fluoro-3-hydroxy-6-iodo-2-(4-methoxyphenyl)-4H-chromen-4-one,COc1ccc(-c2oc3cc(F)c(I)cc3c(=O)c2O)cc1,58.18,µM,'=',,,QDZFQISGDFUHMC-UHFFFAOYSA-N,411.960785,um,4.235226,0,COc1ccc(-c2oc3cc(F)c(I)cc3c(=O)c2O)cc1
50,PMID30567381,7-Chloro-3-hydroxy-6-iodo-2-phenyl-4H-chromen-4-one,O=c1c(O)c(-c2ccccc2)oc2cc(Cl)c(I)cc12,47.85,µM,'=',,,QBWCRCBNHQAVMZ-UHFFFAOYSA-N,397.92067,um,4.320118,0,O=c1c(O)c(-c2ccccc2)oc2cc(Cl)c(I)cc12
51,PMID30567381,7-Chloro-2-(4-fluorophenyl)-3-hydroxy-6-iodo-4H-chromen-4-one,O=c1c(O)c(-c2ccc(F)cc2)oc2cc(Cl)c(I)cc12,38.39,µM,'=',,,HJJZLICYBXYUIE-UHFFFAOYSA-N,415.911248,um,4.415782,0,O=c1c(O)c(-c2ccc(F)cc2)oc2cc(Cl)c(I)cc12
52,PMID30567381,7-Chloro-2-(4-chlorophenyl)-3-hydroxy-6-iodo-4H-chromen-4-one ,O=c1c(O)c(-c2ccc(Cl)cc2)oc2cc(Cl)c(I)cc12,59.1,µM,'=',,,LXPFNRXLEYKBQT-UHFFFAOYSA-N,431.881697,um,4.228413,0,O=c1c(O)c(-c2ccc(Cl)cc2)oc2cc(Cl)c(I)cc12
53,PMID30567381,7-Chloro-3-hydroxy-6-iodo-2-(4-methoxyphenyl)-4H-chromen-4-one ,COc1ccc(-c2oc3cc(Cl)c(I)cc3c(=O)c2O)cc1,14.33,µM,'=',,,BQGPLQZJTAUUTJ-UHFFFAOYSA-N,427.931234,um,4.843754,0,COc1ccc(-c2oc3cc(Cl)c(I)cc3c(=O)c2O)cc1
54,PMID30567381,7-Bromo-3-hydroxy-6-iodo-2-phenyl-4H-chromen-4-one,O=c1c(O)c(-c2ccccc2)oc2cc(Br)c(I)cc12,9.96,µM,'=',,,XODOSMJGHSZKEN-UHFFFAOYSA-N,441.870154,um,5.001741,0,O=c1c(O)c(-c2ccccc2)oc2cc(Br)c(I)cc12
55,PMID30567381,7-Bromo-2-(4-fluorophenyl)-3-hydroxy-6-iodo-4H-chromen-4-one,O=c1c(O)c(-c2ccc(F)cc2)oc2cc(Br)c(I)cc12,11.16,µM,'=',,,KGAFTTAHMKZPNN-UHFFFAOYSA-N,459.860732,um,4.952336,0,O=c1c(O)c(-c2ccc(F)cc2)oc2cc(Br)c(I)cc12
56,PMID30567381,7-Bromo-2-(4-chlorophenyl)-3-hydroxy-6-iodo-4H-chromen-4-one ,O=c1c(O)c(-c2ccc(Cl)cc2)oc2cc(Br)c(I)cc12,29.24,µM,'=',,,JZVKPCAPKCVHBF-UHFFFAOYSA-N,475.831182,um,4.534023,0,O=c1c(O)c(-c2ccc(Cl)cc2)oc2cc(Br)c(I)cc12
57,PMID30567381,7-Bromo-3-hydroxy-6-iodo-2-(4-methoxyphenyl)-4H-chromen-4-one ,COc1ccc(-c2oc3cc(Br)c(I)cc3c(=O)c2O)cc1,28.99,µM,'=',fixed,,AYKASAIWJOBKAM-UHFFFAOYSA-N,471.880719,um,4.537752,0,COc1ccc(-c2oc3cc(Br)c(I)cc3c(=O)c2O)cc1
58,PMID30567381,3-Hydroxy-6-iodo-7-methoxy-2-phenyl-4H-chromen-4-one,COc1cc2oc(-c3ccccc3)c(O)c(=O)c2cc1I,9.25,µM,'=',,,IIPOLUZCUTWJEG-UHFFFAOYSA-N,393.970207,um,5.033858,0,COc1cc2oc(-c3ccccc3)c(O)c(=O)c2cc1I
59,PMID30567381,2-(4-Fluorophenyl)-3-hydroxy-6-iodo-7-methoxy-4H-chromen-4-one,COc1cc2oc(-c3ccc(F)cc3)c(O)c(=O)c2cc1I,6.15,µM,'=',,,QPRFKNVNFNMYIH-UHFFFAOYSA-N,411.960785,um,5.211125,0,COc1cc2oc(-c3ccc(F)cc3)c(O)c(=O)c2cc1I
60,PMID30567381,2-(4-Chlorophenyl)-3-hydroxy-6-iodo-7-methoxy-4H-chromen-4-one,COc1cc2oc(-c3ccc(Cl)cc3)c(O)c(=O)c2cc1I,55.27,µM,'=',,,JLBOAOGRZBILHL-UHFFFAOYSA-N,427.931234,um,4.257511,0,COc1cc2oc(-c3ccc(Cl)cc3)c(O)c(=O)c2cc1I
61,PMID30567381,3-Hydroxy-6-iodo-7-methoxy-2-(4-methoxyphenyl)-4H-chromen-4-one ,COc1ccc(-c2oc3cc(OC)c(I)cc3c(=O)c2O)cc1,7.19,µM,'=',,,KZNYVZFDNAOGPE-UHFFFAOYSA-N,423.980772,um,5.143271,0,COc1ccc(-c2oc3cc(OC)c(I)cc3c(=O)c2O)cc1
62,PMID30482062,11-Amino-2-(hydroxymethyl)-12-(p-tolyl)-78910-tetrahydro-15-dioxa-6-aza-4(12H)-naphthacenone,Cc1ccc(C2c3oc(CO)cc(=O)c3Oc3nc4c(c(N)c32)CCCC4)cc1,13.7,µM,'=',,,BFMQJLRUBVGLAI-UHFFFAOYSA-N,390.157957,um,4.863279,0,Cc1ccc(C2c3oc(CO)cc(=O)c3Oc3nc4c(c(N)c32)CCCC4)cc1
63,PMID30482062,11-Amino-2-(hydroxymethyl)-12-(m-methoxyphenyl)-78910-tetrahydro-15-dioxa-6-aza-4(12H)-naphthacenone,COc1cccc(C2c3oc(CO)cc(=O)c3Oc3nc4c(c(N)c32)CCCC4)c1,4.52,µM,'=',,,WNRQWFCOFXBXHF-UHFFFAOYSA-N,406.152872,um,5.344862,0,COc1cccc(C2c3oc(CO)cc(=O)c3Oc3nc4c(c(N)c32)CCCC4)c1
64,PMID30712420,N-(2-((2-(1H-indol-3-yl)ethyl)amino)-2-oxoethyl)-N-(2-(1-benzylpiperidin-4-yl)ethyl)-4-oxo-4H-chromene-2-carboxamide ,O=C(CN(CCC1CCN(Cc2ccccc2)CC1)C(=O)c1cc(=O)c2ccccc2o1)NCCc1c[nH]c2ccccc12,2.62 ,µM,'=',,,QRGXEYNWKLZQST-UHFFFAOYSA-N,590.289306,um,5.581699,0,O=C(CN(CCC1CCN(Cc2ccccc2)CC1)C(=O)c1cc(=O)c2ccccc2o1)NCCc1c[nH]c2ccccc12
65,PMID30712420,N-(2-(1-benzylpiperidin-4-yl)ethyl)-N-(2-((2-(5-methoxy-1H-indol-3-yl)ethyl)amino)-2-oxoethyl)-4-oxo-4H-chromene-2-carboxamide,COc1ccc2[nH]cc(CCNC(=O)CN(CCC3CCN(Cc4ccccc4)CC3)C(=O)c3cc(=O)c4ccccc4o3)c2c1,0.36 ,µM,'=',,,MLVNIDDCINVEAE-UHFFFAOYSA-N,620.29987,um,6.443697,1,COc1ccc2[nH]cc(CCNC(=O)CN(CCC3CCN(Cc4ccccc4)CC3)C(=O)c3cc(=O)c4ccccc4o3)c2c1
66,PMID30712420,N-(2-(1-benzylpiperidin-4-yl)ethyl)-N-(2-((2-(5-isopropoxy-1H-indol-3-yl)ethyl)amino)-2-oxoethyl)-4-oxo-4H-chromene-2-carboxamide,CC(C)Oc1ccc2[nH]cc(CCNC(=O)CN(CCC3CCN(Cc4ccccc4)CC3)C(=O)c3cc(=O)c4ccccc4o3)c2c1,2.00 ,µM,'=',,,VAJBTBGMTJLNQY-UHFFFAOYSA-N,648.331171,um,5.69897,0,CC(C)Oc1ccc2[nH]cc(CCNC(=O)CN(CCC3CCN(Cc4ccccc4)CC3)C(=O)c3cc(=O)c4ccccc4o3)c2c1
67,PMID30712420,N-(2-(1-benzylpiperidin-4-yl)ethyl)-4-oxo-N-(2-oxo-2-((2-(5-propoxy-1H-indol-3-yl)ethyl)amino)ethyl)-4H-chromene-2-carboxamide ,CCCOc1ccc2[nH]cc(CCNC(=O)CN(CCC3CCN(Cc4ccccc4)CC3)C(=O)c3cc(=O)c4ccccc4o3)c2c1,2.04 ,µM,'=',,,PSINPWKOVBFESJ-UHFFFAOYSA-N,648.331171,um,5.69037,0,CCCOc1ccc2[nH]cc(CCNC(=O)CN(CCC3CCN(Cc4ccccc4)CC3)C(=O)c3cc(=O)c4ccccc4o3)c2c1
68,PMID30712420,N-(4-(1-benzylpiperidin-4-yl)butyl)-N-(2-((2-(5-methoxy-1H-indol-3-yl)ethyl)amino)-2-oxoethyl)-4-oxo-4H-chromene-2-carboxamide ,COc1ccc2[nH]cc(CCNC(=O)CN(CCCCC3CCN(Cc4ccccc4)CC3)C(=O)c3cc(=O)c4ccccc4o3)c2c1,1.73 ,µM,'=',,,LHSUEACWFJGZKG-UHFFFAOYSA-N,648.331171,um,5.761954,0,COc1ccc2[nH]cc(CCNC(=O)CN(CCCCC3CCN(Cc4ccccc4)CC3)C(=O)c3cc(=O)c4ccccc4o3)c2c1
69,PMID30712420,N-(4-(1-benzylpiperidin-4-yl)butyl)-4-oxo-N-(2-oxo-2-((2-(5-propoxy-1H-indol-3-yl)ethyl)amino)ethyl)-4H-chromene-2-carboxamide ,CCCOc1ccc2[nH]cc(CCNC(=O)CN(CCCCC3CCN(Cc4ccccc4)CC3)C(=O)c3cc(=O)c4ccccc4o3)c2c1,2.10  ,µM,'=',,,CYQBZXXNQBMJEY-UHFFFAOYSA-N,676.362471,um,5.677781,0,CCCOc1ccc2[nH]cc(CCNC(=O)CN(CCCCC3CCN(Cc4ccccc4)CC3)C(=O)c3cc(=O)c4ccccc4o3)c2c1
70,PMID30717208,4-(35-dihydroxyphenoxy)dibenzo-p-dioxin-1368-tetrol,Oc1cc(O)cc(Oc2c(O)cc(O)c3c2Oc2c(O)cc(O)cc2O3)c1,10.03,µM,'=',,,PCZZRBGISTUIOA-UHFFFAOYSA-N,372.048132,um,4.998699,0,Oc1cc(O)cc(Oc2c(O)cc(O)c3c2Oc2c(O)cc(O)cc2O3)c1
71,PMID30717208,4-[4-[6-(35-dihydroxyphenoxy)-479-trihydroxydibenzo-p-dioxin-2-yl]oxy-35-dihydroxyphenoxy]dibenzo-p-dioxin-1368-tetrol,Oc1cc(O)cc(Oc2c(O)cc(O)c3c2Oc2c(O)cc(Oc4c(O)cc(Oc5c(O)cc(O)c6c5Oc5c(O)cc(O)cc5O6)cc4O)cc2O3)c1,5.69,µM,'=',,,DRZQFGYIIYNNEC-UHFFFAOYSA-N,742.080614,um,5.244888,0,Oc1cc(O)cc(Oc2c(O)cc(O)c3c2Oc2c(O)cc(Oc4c(O)cc(Oc5c(O)cc(O)c6c5Oc5c(O)cc(O)cc5O6)cc4O)cc2O3)c1
72,PMID30717208,9-(35-dihydroxyphenoxy)-2-[9-(35-dihydroxyphenoxy)- 1368-tetrahydroxydibenzo-p-dioxin-2-yl]dibenzo-p-dioxin-1368-tetrol,Oc1cc(O)cc(Oc2c(O)cc(O)c3c2Oc2c(cc(O)c(-c4c(O)cc5c(c4O)Oc4c(Oc6cc(O)cc(O)c6)c(O)cc(O)c4O5)c2O)O3)c1,4.59,µM,'=',,,FHYNTHBAMAEFJB-UHFFFAOYSA-N,742.080614,um,5.338187,0,Oc1cc(O)cc(Oc2c(O)cc(O)c3c2Oc2c(cc(O)c(-c4c(O)cc5c(c4O)Oc4c(Oc6cc(O)cc(O)c6)c(O)cc(O)c4O5)c2O)O3)c1
73,PMID30823444,3-(5-amino-134-thiadiazol-2-yl)-1-cyclopropyl-6-fluoro-7-(piperazin-1-yl)quinolin-4(1H)-one,Nc1nnc(-c2cn(C3CC3)c3cc(N4CCNCC4)c(F)cc3c2=O)s1,126.3,nM,'=',,,ODUJKPNSTBJDIA-UHFFFAOYSA-N,386.132508,nm,6.898597,1,Nc1nnc(-c2cn(C3CC3)c3cc(N4CCNCC4)c(F)cc3c2=O)s1
74,PMID30823444,(R)-6-(5-amino-134-thiadiazol-2-yl)-9-fluoro-3-methyl-10-(piperazin-1-yl)-2H-[14]oxazino[234-ij]quinolin- 7(3H)-one,C[C@@H]1COc2c(N3CCNCC3)c(F)cc3c(=O)c(-c4nnc(N)s4)cn1c23,18.1,nM,'=',,,MHHOHJNOYIURAJ-SECBINFHSA-N,402.127423,nm,7.742321,1,C[C@@H]1COc2c(N3CCNCC3)c(F)cc3c(=O)c(-c4nnc(N)s4)cn1c23
75,PMID30823444,(R)-6-(5-amino-134-thiadiazol-2-yl)-9-fluoro-3-methyl-10-(4-methylpiperazin-1-yl)-2H-[14]oxazino[234- ij]quinolin-7(3H)-one,C[C@@H]1COc2c(N3CCN(C)CC3)c(F)cc3c(=O)c(-c4nnc(N)s4)cn1c23,576.3,nM,'=',,,DFNAIZCILWUSMA-SNVBAGLBSA-N,416.143073,nm,6.239351,1,C[C@@H]1COc2c(N3CCN(C)CC3)c(F)cc3c(=O)c(-c4nnc(N)s4)cn1c23
76,PMID30823444,5-(1-(4-isobutylphenyl)ethyl)-134-thiadiazol-2-amine ,CC(C)Cc1ccc(C(C)c2nnc(N)s2)cc1,2241.7,nM,'=',,,WREYPUCHWADYIZ-UHFFFAOYSA-N,261.129969,nm,5.649423,0,CC(C)Cc1ccc(C(C)c2nnc(N)s2)cc1
77,PMID30823444,(S)-5-(1-(6-methoxynaphthalen-2-yl)ethyl)-134-thiadiazol-2-amine,COc1ccc2cc([C@H](C)c3nnc(N)s3)ccc2c1,3806.4,nM,'=',,,RETNEDGSPFFROQ-VIFPVBQESA-N,285.093583,nm,5.419486,0,COc1ccc2cc([C@H](C)c3nnc(N)s3)ccc2c1
78,PMID30823444,5-((2-(4-((4-chlorophenyl)(phenyl)methyl)piperazin-1-yl)ethoxy)methyl)-134-thiadiazol-2-amine,Nc1nnc(COCCN2CCN(C(c3ccccc3)c3ccc(Cl)cc3)CC2)s1,17274.8,nM,'=',,,RPGPIJXJIJWOEE-UHFFFAOYSA-N,443.154659,nm,4.762587,0,Nc1nnc(COCCN2CCN(C(c3ccccc3)c3ccc(Cl)cc3)CC2)s1
79,PMID30823444,3-(5-amino-134-thiadiazol-2-yl)-1-cyclopropyl-6-fluoro-7-(4-(3-nitrobenzoyl)piperazin-1-yl)qui nolin-4(1H)-one,Nc1nnc(-c2cn(C3CC3)c3cc(N4CCN(C(=O)c5cccc([N+](=O)[O-])c5)CC4)c(F)cc3c2=O)s1,1182.19,nM,'=',,,MCGVPIXOJDALRO-UHFFFAOYSA-N,535.143801,nm,5.927313,0,Nc1nnc(-c2cn(C3CC3)c3cc(N4CCN(C(=O)c5cccc([N+](=O)[O-])c5)CC4)c(F)cc3c2=O)s1
80,PMID30823444,3-(5-amino-134-thiadiazol-2-yl)-1-cyclopropyl-6-fluoro-7-(4-(4-methoxybenzoyl)piperazin-1-yl)quinolin-4(1H) -one,COc1ccc(C(=O)N2CCN(c3cc4c(cc3F)c(=O)c(-c3nnc(N)s3)cn4C3CC3)CC2)cc1,1710.7,nM,'=',,,BUXBALMOXGNUIX-UHFFFAOYSA-N,520.169288,nm,5.766826,0,COc1ccc(C(=O)N2CCN(c3cc4c(cc3F)c(=O)c(-c3nnc(N)s3)cn4C3CC3)CC2)cc1
81,PMID30823444,3-(5-amino-134-thiadiazol-2-yl)-1-cyclopropyl-7-(4-(24-dichlorobenzoyl)piperazin-1-yl)-6-fluoroquinolin- 4(1H)-one,Nc1nnc(-c2cn(C3CC3)c3cc(N4CCN(C(=O)c5ccc(Cl)cc5Cl)CC4)c(F)cc3c2=O)s1,29228,nM,'=',,,WKFNWAMWBIZIFR-UHFFFAOYSA-N,558.080778,nm,4.534201,0,Nc1nnc(-c2cn(C3CC3)c3cc(N4CCN(C(=O)c5ccc(Cl)cc5Cl)CC4)c(F)cc3c2=O)s1
82,PMID30890752,1-[37-Bis(dimethylamino)-10-phenothiazinyl]-3-(3-methyl-2349-tetrahydro-1H-39-diazafluoren-9-yl)-1-propanone trihydrochloride,CN1CCc2c(c3ccccc3n2CCC(=O)N2c3ccc(N(C)C)cc3Sc3cc(N(C)C)ccc32)C1,3.17,µM,'=',,,MXXYTIDBZKJPKY-UHFFFAOYSA-N,525.256232,um,5.498941,0,CN1CCc2c(c3ccccc3n2CCC(=O)N2c3ccc(N(C)C)cc3Sc3cc(N(C)C)ccc32)C1
83,PMID30890752,1-[37-Bis(dimethylamino)-10-phenothiazinyl]-3-(3-ethyl-2349-tetrahydro-1H-39-diazafluoren-9-yl)-1-propanone trihydrochloride,CCN1CCc2c(c3ccccc3n2CCC(=O)N2c3ccc(N(C)C)cc3Sc3cc(N(C)C)ccc32)C1,2.95,µM,'=',,,ZROLWSKEMTZKCM-UHFFFAOYSA-N,539.271882,um,5.530178,0,CCN1CCc2c(c3ccccc3n2CCC(=O)N2c3ccc(N(C)C)cc3Sc3cc(N(C)C)ccc32)C1
84,PMID30890752,1-[37-Bis(dimethylamino)-10-phenothiazinyl]-3-(3-methyl-6-methyl-2349-tetrahydro-1H-39-diazafluoren-9-yl)-1-propanone trihydrochloride,Cc1ccc2c(c1)c1c(n2CCC(=O)N2c3ccc(N(C)C)cc3Sc3cc(N(C)C)ccc32)CCN(C)C1,1.73,µM,'=',,,WCXVDVAWYLXWCB-UHFFFAOYSA-N,539.271882,um,5.761954,0,Cc1ccc2c(c1)c1c(n2CCC(=O)N2c3ccc(N(C)C)cc3Sc3cc(N(C)C)ccc32)CCN(C)C1
85,PMID30890752,1-[37-Bis(dimethylamino)-10-phenothiazinyl]-3-(3-ethyl-6-methyl-2349-tetrahydro-1H-39-diazafluoren-9-yl)-1-propanone trihydrochloride,CCN1CCc2c(c3cc(C)ccc3n2CCC(=O)N2c3ccc(N(C)C)cc3Sc3cc(N(C)C)ccc32)C1,4.03,µM,'=',,,UPSDLJSVYVBXOG-UHFFFAOYSA-N,553.287532,um,5.394695,0,CCN1CCc2c(c3cc(C)ccc3n2CCC(=O)N2c3ccc(N(C)C)cc3Sc3cc(N(C)C)ccc32)C1
86,PMID30890752,1-[37-Bis(dimethylamino)-10-phenothiazinyl]-3-(6-methyl-3-propyl-2349-tetrahydro-1H-39-diazafluoren-9-yl)-1-propanone trihydrochloride,CCCN1CCc2c(c3cc(C)ccc3n2CCC(=O)N2c3ccc(N(C)C)cc3Sc3cc(N(C)C)ccc32)C1,3.95,µM,'=',,,WUXBZICVGSLYNG-UHFFFAOYSA-N,567.303182,um,5.403403,0,CCCN1CCc2c(c3cc(C)ccc3n2CCC(=O)N2c3ccc(N(C)C)cc3Sc3cc(N(C)C)ccc32)C1
87,PMID30890752,1-[37-Bis(dimethylamino)-10-phenothiazinyl]-3-(3-isopropyl-6-methyl-2349-tetrahydro-1H-39-diazafluoren-9-yl)-1-propanone trihydrochloride,Cc1ccc2c(c1)c1c(n2CCC(=O)N2c3ccc(N(C)C)cc3Sc3cc(N(C)C)ccc32)CCN(C(C)C)C1,7.37,µM,'=',,,XITGFQCVBFFEAZ-UHFFFAOYSA-N,567.303182,um,5.132533,0,Cc1ccc2c(c1)c1c(n2CCC(=O)N2c3ccc(N(C)C)cc3Sc3cc(N(C)C)ccc32)CCN(C(C)C)C1
88,PMID30890752,1-[37-Bis(dimethylamino)-10-phenothiazinyl]-3-(6-fluoro-3-methyl-2349-tetrahydro-1H-39-diazafluoren-9-yl)-1-propanone trihydrochloride,CN1CCc2c(c3cc(F)ccc3n2CCC(=O)N2c3ccc(N(C)C)cc3Sc3cc(N(C)C)ccc32)C1,6.86,µM,'=',,,DEGLESUPMGUXON-UHFFFAOYSA-N,543.24681,um,5.163676,0,CN1CCc2c(c3cc(F)ccc3n2CCC(=O)N2c3ccc(N(C)C)cc3Sc3cc(N(C)C)ccc32)C1
89,PMID30939771,(Z)-5-((Dimethylcarbamoyl)oxy)-3-((2-(2-((((3-ethyl-2-(2-oxopropylidene)-23-dihydrobenzo[d]thiazol-5-yl)oxy) carbonyl)oxy)ethoxy)ethyl)carbamoyl)-1-methylquinolin-1-ium methyl sulfate,CCN1/C(=C/C(C)=O)Sc2ccc(OC(=O)OCCOCCNC(=O)c3cc4c(OC(=O)N(C)C)cccc4[n+](C)c3)cc21,81.4,nM,'=',,,QKXVJVUEXIBPQT-NTFVMDSBSA-O,623.217012,nm,7.089376,1,CCN1/C(=C/C(C)=O)Sc2ccc(OC(=O)OCCOCCNC(=O)c3cc4c(OC(=O)N(C)C)cccc4[n+](C)c3)cc21
90,PMID30939771,(Z)-3-((2-(2-((((3-Ethyl-2-(2-oxopropylidene)-23-dihydrobenzo[d]thiazol-5-yl)oxy)carbonyl)oxy)ethoxy)ethyl) carbamoyl)-1-methyl-14-dihydroquinolin-5-yl dimethylcarbamate,CCN1/C(=C/C(C)=O)Sc2ccc(OC(=O)OCCOCCNC(=O)C3=CN(C)c4cccc(OC(=O)N(C)C)c4C3)cc21,1023.1,nM,'=',,,MNLKDWCNUJLTJH-NTFVMDSBSA-N,624.225385,nm,5.990082,0,CCN1/C(=C/C(C)=O)Sc2ccc(OC(=O)OCCOCCNC(=O)C3=CN(C)c4cccc(OC(=O)N(C)C)c4C3)cc21
91,PMID30999586,1234-tetrahydroquinolino[23-b]quinoxalin-12-amine,Nc1c2c(nc3nc4ccccc4nc13)CCCC2,22,µM,'=',,,OJFHAWDTJKTDHE-UHFFFAOYSA-N,250.121846,um,4.657577,0,Nc1c2c(nc3nc4ccccc4nc13)CCCC2
92,PMID31035318,(3-tert-butylphenyl) N-methylcarbamate,CNC(=O)Oc1cccc(C(C)(C)C)c1,320,nM,'=',,,FSJYRLHKLVGCNH-UHFFFAOYSA-N,207.125929,nm,6.49485,1,CNC(=O)Oc1cccc(C(C)(C)C)c1
93,PMID31035318,4-bromo-3-(tert-butyl)phenyl methylcarbamate,CNC(=O)Oc1ccc(Br)c(C(C)(C)C)c1,1200,nM,'=',,,XGIPRSHYEGQJTD-UHFFFAOYSA-N,285.036441,nm,5.920819,0,CNC(=O)Oc1ccc(Br)c(C(C)(C)C)c1
94,PMID31035318,2-bromo-5-(tert-butyl)phenyl methylcarbamate,CNC(=O)Oc1cc(C(C)(C)C)ccc1Br,48,nM,'=',,,ZNDZUMWNLBWPEL-UHFFFAOYSA-N,285.036441,nm,7.318759,1,CNC(=O)Oc1cc(C(C)(C)C)ccc1Br
95,PMID31035318,5-(tert-butyl)-2-iodophenyl methylcarbamate,CNC(=O)Oc1cc(C(C)(C)C)ccc1I,640,nM,'=',,,WJFBOHVIQSZUPH-UHFFFAOYSA-N,333.022577,nm,6.19382,1,CNC(=O)Oc1cc(C(C)(C)C)ccc1I
96,PMID31035318,5-(tert-butyl)-2-hexylphenyl methylcarbamate,CCCCCCc1ccc(C(C)(C)C)cc1OC(=O)NC,6300,nM,'=',,,PKBOKRZPYCZKEA-UHFFFAOYSA-N,291.219829,nm,5.200659,0,CCCCCCc1ccc(C(C)(C)C)cc1OC(=O)NC
97,PMID31035318,4-(allylcarbamoyl)-3-(tert-butyl)phenyl methylcarbamate,C=CCNC(=O)c1ccc(OC(=O)NC)cc1C(C)(C)C,2800,nM,'=',,,JVVPRHHWHDAJMT-UHFFFAOYSA-N,290.163043,nm,5.552842,0,C=CCNC(=O)c1ccc(OC(=O)NC)cc1C(C)(C)C
98,PMID31035318,3-(tert-butyl)-4-(diethylcarbamoyl)phenyl methylcarbamate,CCN(CC)C(=O)c1ccc(OC(=O)NC)cc1C(C)(C)C,2300,nM,'=',,,QHXKSJCTJRDWMI-UHFFFAOYSA-N,306.194343,nm,5.638272,0,CCN(CC)C(=O)c1ccc(OC(=O)NC)cc1C(C)(C)C
99,PMID31035318,3-(tert-butyl)-4-(ethyl(methyl)carbamoyl)phenyl methylcarbamate,CCN(C)C(=O)c1ccc(OC(=O)NC)cc1C(C)(C)C,5500,nM,'=',,,VORGPRSZXGDHNW-UHFFFAOYSA-N,292.178693,nm,5.259637,0,CCN(C)C(=O)c1ccc(OC(=O)NC)cc1C(C)(C)C
100,PMID31035318,5-(tert-butyl)-2-(methylthio)phenyl methylcarbamate,CNC(=O)Oc1cc(C(C)(C)C)ccc1SC,640,nM,'=',,,VPRYKHGZUXQZOR-UHFFFAOYSA-N,253.11365,nm,6.19382,1,CNC(=O)Oc1cc(C(C)(C)C)ccc1SC
101,PMID31035318,5-(tert-butyl)-2-(isobutylthio)phenyl methylcarbamate,CNC(=O)Oc1cc(C(C)(C)C)ccc1SCC(C)C,4700,nM,'=',,,UJCGXWNATPXCHQ-UHFFFAOYSA-N,295.1606,nm,5.327902,0,CNC(=O)Oc1cc(C(C)(C)C)ccc1SCC(C)C
102,PMID31035318,5-(tert-butyl)-2-(isopropylthio)phenyl methylcarbamate,CNC(=O)Oc1cc(C(C)(C)C)ccc1SC(C)C,2200,nM,'=',,,VAOSJJJWRNSGAZ-UHFFFAOYSA-N,281.14495,nm,5.657577,0,CNC(=O)Oc1cc(C(C)(C)C)ccc1SC(C)C
103,PMID31035318,Methylamino-m-(trimethylsilyl)phenylformylate,CNC(=O)Oc1cccc([Si](C)(C)C)c1,490,nM,'=',,,DBYWVEJEFFMIET-UHFFFAOYSA-N,223.102855,nm,6.309804,1,CNC(=O)Oc1cccc([Si](C)(C)C)c1
104,PMID31035318,4-methyl-3-(trimethylsilyl)phenyl methylcarbamate ,CNC(=O)Oc1ccc(C)c([Si](C)(C)C)c1,2400,nM,'=',,,XCPUKIUSORSWEA-UHFFFAOYSA-N,237.118505,nm,5.619789,0,CNC(=O)Oc1ccc(C)c([Si](C)(C)C)c1
105,PMID31035318,3-fluoro-5-(trimethylsilyl)phenyl methylcarbamate ,CNC(=O)Oc1cc(F)cc([Si](C)(C)C)c1,4200,nM,'=',,,ZSNUZYIJKYIVAS-UHFFFAOYSA-N,241.093434,nm,5.376751,0,CNC(=O)Oc1cc(F)cc([Si](C)(C)C)c1
106,PMID31035318,m-[Ethylbis(methyl)silyl]phenylmethylaminoformylate,CC[Si](C)(C)c1cccc(OC(=O)NC)c1,630,nM,'=',,,CLVUONMFFRSPOM-UHFFFAOYSA-N,237.118505,nm,6.200659,1,CC[Si](C)(C)c1cccc(OC(=O)NC)c1
107,PMID31035318,3-(ethyldimethylsilyl)-4-methylphenyl methylcarbamate ,CC[Si](C)(C)c1cc(OC(=O)NC)ccc1C,1400,nM,'=',,,XRVCAVFPAJTFFC-UHFFFAOYSA-N,251.134155,nm,5.853872,0,CC[Si](C)(C)c1cc(OC(=O)NC)ccc1C
108,PMID31035318,3-(ethyldimethylsilyl)-5-fluorophenyl methylcarbamate ,CC[Si](C)(C)c1cc(F)cc(OC(=O)NC)c1,1900,nM,'=',,,WADGOPQZLROVEG-UHFFFAOYSA-N,255.109084,nm,5.721246,0,CC[Si](C)(C)c1cc(F)cc(OC(=O)NC)c1
109,PMID31035318,o-(2-Ethylbutylthio)phenylmethylaminoformylate,CCC(CC)CSc1ccccc1OC(=O)NC,5000,nM,'=',,,PXYJVFDFHLFFFR-UHFFFAOYSA-N,267.1293,nm,5.30103,0,CCC(CC)CSc1ccccc1OC(=O)NC
110,PMID31035318,2-(propylthio)phenyl methylcarbamate ,CCCSc1ccccc1OC(=O)NC,2300,nM,'=',,,FHIAZZANEZLJLO-UHFFFAOYSA-N,225.08235,nm,5.638272,0,CCCSc1ccccc1OC(=O)NC
111,PMID31311169,4-((34-dihydroisoquinolin-2(1H)-yl)methyl)-N-(2-(diisopropylamino)ethyl)benzamide,CC(C)N(CCNC(=O)c1ccc(CN2CCc3ccccc3C2)cc1)C(C)C,21.46,µM,'=',,*deleted second entry of this paper,DELLNLOPRJJQMO-UHFFFAOYSA-N,393.278013,um,4.66837,0,CC(C)N(CCNC(=O)c1ccc(CN2CCc3ccccc3C2)cc1)C(C)C
112,PMID31311169,(4-((6-bromo-34-dihydroisoquinolin-2(1H)-yl)methyl)phenyl)(pyrrolidin-1-yl)methanone,O=C(c1ccc(CN2CCc3cc(Br)ccc3C2)cc1)N1CCCC1,30.61,µM,'=',,,DBLNJPLXMZMQNS-UHFFFAOYSA-N,398.099375,um,4.514137,0,O=C(c1ccc(CN2CCc3cc(Br)ccc3C2)cc1)N1CCCC1
113,PMID31311169,(4-((6-methoxy-34-dihydroisoquinolin-2(1H)-yl)methyl)phenyl)(pyrrolidin-1-yl)methanone,COc1ccc2c(c1)CCN(Cc1ccc(C(=O)N3CCCC3)cc1)C2,12.13,µM,'=',,,FJXNLQWNQYOUCW-UHFFFAOYSA-N,350.199428,um,4.916139,0,COc1ccc2c(c1)CCN(Cc1ccc(C(=O)N3CCCC3)cc1)C2
114,PMID31311169,(4-((67-dimethoxy-34-dihydroisoquinolin-2(1H)-yl)methyl)phenyl)(pyrrolidin-1-yl)methanone,COc1cc2c(cc1OC)CN(Cc1ccc(C(=O)N3CCCC3)cc1)CC2,18.24,µM,'=',,,LEQCWFPYROOXRI-UHFFFAOYSA-N,380.209993,um,4.738975,0,COc1cc2c(cc1OC)CN(Cc1ccc(C(=O)N3CCCC3)cc1)CC2
116,PMID31316368,1-(4-Amino-5-chloro-2-methoxyphenyl)-3-(1-(2-bromobenzyl)piperidin-4-yl)propan-1-one,COc1cc(N)c(Cl)cc1C(=O)CCC1CCN(Cc2ccccc2Br)CC1,317,nM,'=',,,CNQCHNBWWBPGSN-UHFFFAOYSA-N,464.086618,nm,6.498941,1,COc1cc(N)c(Cl)cc1C(=O)CCC1CCN(Cc2ccccc2Br)CC1
117,PMID31316368,1-(4-Amino-5-chloro-2-methoxyphenyl)-3-(1-(2-fluorobenzyl)piperidin-4-yl)propan-1-one,COc1ccc(Cl)cc1C(=O)CCC1CCN(Cc2ccccc2F)CC1,101.6,nM,'=',,,BISHLEWJIBPCGT-UHFFFAOYSA-N,389.155785,nm,6.993106,1,COc1ccc(Cl)cc1C(=O)CCC1CCN(Cc2ccccc2F)CC1
118,PMID31316368,1-(4-Amino-5-chloro-2-methoxyphenyl)-3-(1-(2-methylbenzyl)piperidin-4-yl)propan-1-one,COc1cc(N)c(Cl)cc1C(=O)CCC1CCN(Cc2ccccc2C)CC1,225.2,nM,'=',,,ZUWLVZDXXPYIJE-UHFFFAOYSA-N,400.191756,nm,6.647432,1,COc1cc(N)c(Cl)cc1C(=O)CCC1CCN(Cc2ccccc2C)CC1
119,PMID31316368,1-(4-Amino-5-chloro-2-methoxyphenyl)-3-(1-(2-hydroxybenzyl)piperidin-4-yl)propan-1-one,COc1cc(N)c(Cl)cc1C(=O)CCC1CCN(Cc2ccccc2O)CC1,57.4,nM,'=',,,CUDXZRHTNSEEAC-UHFFFAOYSA-N,402.17102,nm,7.241088,1,COc1cc(N)c(Cl)cc1C(=O)CCC1CCN(Cc2ccccc2O)CC1
120,PMID31316368,1-(4-Amino-5-chloro-2-methoxyphenyl)-3-(1-(3-fluorobenzyl)piperidin-4-yl)propan-1-one,COc1cc(N)c(Cl)cc1C(=O)CCC1CCN(Cc2cccc(F)c2)CC1,91,nM,'=',,,ISJBUCQDOUEBSG-UHFFFAOYSA-N,404.166684,nm,7.040959,1,COc1cc(N)c(Cl)cc1C(=O)CCC1CCN(Cc2cccc(F)c2)CC1
121,PMID31316368,1-(4-Amino-5-chloro-2-methoxyphenyl)-3-(1-(3-aminobenzyl)piperidin-4-yl)propan-1-one ,COc1cc(N)c(Cl)cc1C(=O)CCC1CCN(Cc2cccc(N)c2)CC1,41,nM,'=',,,CSAFZBPIXXBPCQ-UHFFFAOYSA-N,401.187005,nm,7.387216,1,COc1cc(N)c(Cl)cc1C(=O)CCC1CCN(Cc2cccc(N)c2)CC1
122,PMID31316368,1-(4-Amino-5-chloro-2-methoxyphenyl)-3-(1-(4-fluorobenzyl)piperidin-4-yl)propan-1-one,COc1cc(N)c(Cl)cc1C(=O)CCC1CCN(Cc2ccc(F)cc2)CC1,78.4,nM,'=',,,SFSOMLLLQLIDPP-UHFFFAOYSA-N,404.166684,nm,7.105684,1,COc1cc(N)c(Cl)cc1C(=O)CCC1CCN(Cc2ccc(F)cc2)CC1
123,PMID31316368,1-(4-Amino-5-chloro-2-methoxyphenyl)-3-(1-(4-hydroxybenzyl)piperidin-4-yl)propan-1-one,COc1cc(N)c(Cl)cc1C(=O)CCC1CCN(Cc2ccc(O)cc2)CC1,6,nM,'=',,,XAKFGSGWXOEUOW-UHFFFAOYSA-N,402.17102,nm,8.221849,1,COc1cc(N)c(Cl)cc1C(=O)CCC1CCN(Cc2ccc(O)cc2)CC1
124,PMID31316368,1-(4-Amino-5-chloro-2-methoxyphenyl)-3-(1-(4-methylbenzyl)piperidin-4-yl)propan-1-one,COc1cc(N)c(Cl)cc1C(=O)CCC1CCN(Cc2ccc(C)cc2)CC1,450.5,nM,'=',,,FXHWIWVGQHYPNB-UHFFFAOYSA-N,400.191756,nm,6.346305,1,COc1cc(N)c(Cl)cc1C(=O)CCC1CCN(Cc2ccc(C)cc2)CC1
125,PMID31316368,1-(4-Amino-5-chloro-2-methoxyphenyl)-3-(1-(5-amino-2-fluorobenzyl)piperidin-4-yl)propan-1-one,COc1cc(N)c(Cl)cc1C(=O)CCC1CCN(Cc2cc(N)ccc2F)CC1,152.7,nM,'=',,,JAQHAPPAFQHBQT-UHFFFAOYSA-N,419.177583,nm,6.816161,1,COc1cc(N)c(Cl)cc1C(=O)CCC1CCN(Cc2cc(N)ccc2F)CC1
126,PMID31430943,Bis({2-[(1234-tetrahydroacridin-9-yl)amino]ethyl}amino)cyclobut-3-ene-12-dione,O=c1c(NCCNc2c3c(nc4ccccc24)CCCC3)c(NCCNc2c3c(nc4ccccc24)CCCC3)c1=O,3.8,nM,'=',,,PCABKZMGILJJNQ-UHFFFAOYSA-N,560.289974,nm,8.420216,1,O=c1c(NCCNc2c3c(nc4ccccc24)CCCC3)c(NCCNc2c3c(nc4ccccc24)CCCC3)c1=O
127,PMID31430943,Bis({3-[(1234-tetrahydroacridin-9-yl)amino]propyl}amino)cyclobut-3-ene-12-dione ,O=c1c(NCCCNc2c3c(nc4ccccc24)CCCC3)c(NCCCNc2c3c(nc4ccccc24)CCCC3)c1=O,8.4,nM,'=',,,JUNSUEPARJIMRD-UHFFFAOYSA-N,588.321275,nm,8.075721,1,O=c1c(NCCCNc2c3c(nc4ccccc24)CCCC3)c(NCCCNc2c3c(nc4ccccc24)CCCC3)c1=O
128,PMID31430943,Bis({4-[(1234-tetrahydroacridin-9-yl)amino]butyl}amino)cyclobut-3-ene-12-dione,O=c1c(NCCCCNc2c3c(nc4ccccc24)CCCC3)c(NCCCCNc2c3c(nc4ccccc24)CCCC3)c1=O,5.5,nM,'=',,,LDSBPEDABQEXDD-UHFFFAOYSA-N,616.352575,nm,8.259637,1,O=c1c(NCCCCNc2c3c(nc4ccccc24)CCCC3)c(NCCCCNc2c3c(nc4ccccc24)CCCC3)c1=O
129,PMID31430943,Bis({5-[(1234-tetrahydroacridin-9-yl)amino]pentyl}amino)cyclobut-3-ene-12-dione,O=c1c(NCCCCCNc2c3c(nc4ccccc24)CCCC3)c(NCCCCCNc2c3c(nc4ccccc24)CCCC3)c1=O,8.1,nM,'=',,,RNVJSWUNJMMJTG-UHFFFAOYSA-N,644.383875,nm,8.091515,1,O=c1c(NCCCCCNc2c3c(nc4ccccc24)CCCC3)c(NCCCCCNc2c3c(nc4ccccc24)CCCC3)c1=O
130,PMID31430943,Bis({6-[(1234-tetrahydroacridin-9-yl)amino]hexyl}amino)cyclobut-3-ene-12-dione ,O=c1c(NCCCCCCNc2c3c(nc4ccccc24)CCCC3)c(NCCCCCCNc2c3c(nc4ccccc24)CCCC3)c1=O,13,nM,'=',,,BWJFYSQMBQXNBN-UHFFFAOYSA-N,672.415175,nm,7.886057,1,O=c1c(NCCCCCCNc2c3c(nc4ccccc24)CCCC3)c(NCCCCCCNc2c3c(nc4ccccc24)CCCC3)c1=O
131,PMID31430943,Bis({7-[(1234-tetrahydroacridin-9-yl)amino]heptyl}amino)cyclobut-3-ene-12-dione,O=c1c(NCCCCCCCNc2c3c(nc4ccccc24)CCCC3)c(NCCCCCCCNc2c3c(nc4ccccc24)CCCC3)c1=O,32,nM,'=',,,HOIKPDIIDIVOLB-UHFFFAOYSA-N,700.446475,nm,7.49485,1,O=c1c(NCCCCCCCNc2c3c(nc4ccccc24)CCCC3)c(NCCCCCCCNc2c3c(nc4ccccc24)CCCC3)c1=O
132,PMID31430943,Bis({8-[(1234-tetrahydroacridin-9-yl)amino]octyl}amino)cyclobut-3-ene-12-dione,O=c1c(NCCCCCCCCNc2c3c(nc4ccccc24)CCCC3)c(NCCCCCCCCNc2c3c(nc4ccccc24)CCCC3)c1=O,72,nM,'=',,,INLUTSQCYLQRBW-UHFFFAOYSA-N,728.477775,nm,7.142668,1,O=c1c(NCCCCCCCCNc2c3c(nc4ccccc24)CCCC3)c(NCCCCCCCCNc2c3c(nc4ccccc24)CCCC3)c1=O
133,PMID31430943,Bis({2-[(6-chloro-1234-tetrahydroacridin-9-yl)amino]ethyl}amino)cyclobut-3-ene-12-dione,O=c1c(NCCNc2c3c(nc4cc(Cl)ccc24)CCCC3)c(NCCNc2c3c(nc4cc(Cl)ccc24)CCCC3)c1=O,4.2,nM,'=',,,VQLUTMVSCLJGAU-UHFFFAOYSA-N,628.21203,nm,8.376751,1,O=c1c(NCCNc2c3c(nc4cc(Cl)ccc24)CCCC3)c(NCCNc2c3c(nc4cc(Cl)ccc24)CCCC3)c1=O
134,PMID31430943,Bis({3-[(6-chloro-1234-tetrahydroacridin-9-yl)amino]propyl}amino)cyclobut-3-ene-12-dione ,O=c1c(NCCCNc2c3c(nc4cc(Cl)ccc24)CCCC3)c(NCCCNc2c3c(nc4cc(Cl)ccc24)CCCC3)c1=O,2,nM,'=',,,QRCFRKFOMBGMJE-UHFFFAOYSA-N,656.24333,nm,8.69897,1,O=c1c(NCCCNc2c3c(nc4cc(Cl)ccc24)CCCC3)c(NCCCNc2c3c(nc4cc(Cl)ccc24)CCCC3)c1=O
135,PMID31430943,Bis({4-[(6-chloro-1234-tetrahydroacridin-9-yl)amino]butyl}amino)cyclobut-3-ene-12-dione ,O=c1c(NCCCCNc2c3c(nc4cc(Cl)ccc24)CCCC3)c(NCCCCNc2c3c(nc4cc(Cl)ccc24)CCCC3)c1=O,4.6,nM,'=',,,OVMHDPJNWLPLEI-UHFFFAOYSA-N,684.27463,nm,8.337242,1,O=c1c(NCCCCNc2c3c(nc4cc(Cl)ccc24)CCCC3)c(NCCCCNc2c3c(nc4cc(Cl)ccc24)CCCC3)c1=O
136,PMID31430943,Bis({5-[(6-chloro-1234-tetrahydroacridin-9-yl)amino]pentyl}amino)cyclobut-3-ene-12-dione,O=c1c(NCCCCCNc2c3c(nc4cc(Cl)ccc24)CCCC3)c(NCCCCCNc2c3c(nc4cc(Cl)ccc24)CCCC3)c1=O,8.2,nM,'=',,,GCTQRTZSNFGBCU-UHFFFAOYSA-N,712.30593,nm,8.086186,1,O=c1c(NCCCCCNc2c3c(nc4cc(Cl)ccc24)CCCC3)c(NCCCCCNc2c3c(nc4cc(Cl)ccc24)CCCC3)c1=O
137,PMID31430943,Bis({6-[(6-chloro-1234-tetrahydroacridin-9-yl)amino]hexyl}amino)cyclobut-3-ene-12-dione,O=c1c(NCCCCCCNc2c3c(nc4cc(Cl)ccc24)CCCC3)c(NCCCCCCNc2c3c(nc4cc(Cl)ccc24)CCCC3)c1=O,3.2,nM,'=',,,MUUJWKXFMQUZIX-UHFFFAOYSA-N,740.33723,nm,8.49485,1,O=c1c(NCCCCCCNc2c3c(nc4cc(Cl)ccc24)CCCC3)c(NCCCCCCNc2c3c(nc4cc(Cl)ccc24)CCCC3)c1=O
138,PMID31430943,Bis({7-[(6-chloro-1234-tetrahydroacridin-9-yl)amino]heptyl}amino)cyclobut-3-ene-12-dione,O=c1c(NCCCCCCCNc2c3c(nc4cc(Cl)ccc24)CCCC3)c(NCCCCCCCNc2c3c(nc4cc(Cl)ccc24)CCCC3)c1=O,16,nM,'=',,,KTRDCDBFPIOQKU-UHFFFAOYSA-N,768.36853,nm,7.79588,1,O=c1c(NCCCCCCCNc2c3c(nc4cc(Cl)ccc24)CCCC3)c(NCCCCCCCNc2c3c(nc4cc(Cl)ccc24)CCCC3)c1=O
139,PMID31430943,Bis({8-[(6-chloro-1234-tetrahydroacridin-9-yl)amino]octyl}amino)cyclobut-3-ene-12-dione ,O=c1c(NCCCCCCCCNc2c3c(nc4cc(Cl)ccc24)CCCC3)c(NCCCCCCCCNc2c3c(nc4cc(Cl)ccc24)CCCC3)c1=O,10,nM,'=',,,JYOFGGILXSUEAZ-UHFFFAOYSA-N,796.39983,nm,8,1,O=c1c(NCCCCCCCCNc2c3c(nc4cc(Cl)ccc24)CCCC3)c(NCCCCCCCCNc2c3c(nc4cc(Cl)ccc24)CCCC3)c1=O
140,PMID31430943,Bis({2-[(7-methoxy-1234-tetrahydroacridin-9-yl)amino]ethyl}amino)cyclobut-3-ene-12-dione,COc1ccc2nc3c(c(NCCNc4c(NCCNc5c6c(nc7ccc(OC)cc57)CCCC6)c(=O)c4=O)c2c1)CCCC3,170,nM,'=',,,PJLVIPDDWNAUAP-UHFFFAOYSA-N,620.311104,nm,6.769551,1,COc1ccc2nc3c(c(NCCNc4c(NCCNc5c6c(nc7ccc(OC)cc57)CCCC6)c(=O)c4=O)c2c1)CCCC3
141,PMID31430943,Bis({3-[(7-methoxy-1234-tetrahydroacridin-9-yl)amino]propyl}amino)cyclobut-3-ene-12-dione ,COc1ccc2nc3c(c(NCCCNc4c(NCCCNc5c6c(nc7ccc(OC)cc57)CCCC6)c(=O)c4=O)c2c1)CCCC3,1100,nM,'=',,,KICLHCYLGPHVNC-UHFFFAOYSA-N,648.342404,nm,5.958607,0,COc1ccc2nc3c(c(NCCCNc4c(NCCCNc5c6c(nc7ccc(OC)cc57)CCCC6)c(=O)c4=O)c2c1)CCCC3
142,PMID31430943,Bis({4-[(7-methoxy-1234-tetrahydroacridin-9-yl)amino]butyl}amino)cyclobut-3-ene-12-dione,COc1ccc2nc3c(c(NCCCCNc4c(NCCCCNc5c6c(nc7ccc(OC)cc57)CCCC6)c(=O)c4=O)c2c1)CCCC3,4500,nM,'=',,,OFGNAFCUBVWZTG-UHFFFAOYSA-N,676.373704,nm,5.346787,0,COc1ccc2nc3c(c(NCCCCNc4c(NCCCCNc5c6c(nc7ccc(OC)cc57)CCCC6)c(=O)c4=O)c2c1)CCCC3
143,PMID31430943,Bis({5-[(7-methoxy-1234-tetrahydroacridin-9-yl)amino]pentyl}amino)cyclobut-3-ene-12-dione,COc1ccc2nc3c(c(NCCCCCNc4c(NCCCCCNc5c6c(nc7ccc(OC)cc57)CCCC6)c(=O)c4=O)c2c1)CCCC3,120,nM,'=',,,BMJCNBWRFUVPOC-UHFFFAOYSA-N,704.405004,nm,6.920819,1,COc1ccc2nc3c(c(NCCCCCNc4c(NCCCCCNc5c6c(nc7ccc(OC)cc57)CCCC6)c(=O)c4=O)c2c1)CCCC3
144,PMID31430943,Bis({6-[(7-methoxy-1234-tetrahydroacridin-9-yl)amino]hexyl}amino)cyclobut-3-ene-12-dione,COc1ccc2nc3c(c(NCCCCCCNc4c(NCCCCCCNc5c6c(nc7ccc(OC)cc57)CCCC6)c(=O)c4=O)c2c1)CCCC3,150,nM,'=',,,PJCMQMNPUIGMFU-UHFFFAOYSA-N,732.436304,nm,6.823909,1,COc1ccc2nc3c(c(NCCCCCCNc4c(NCCCCCCNc5c6c(nc7ccc(OC)cc57)CCCC6)c(=O)c4=O)c2c1)CCCC3
145,PMID31430943,Bis({7-[(7-methoxy-1234-tetrahydroacridin-9-yl)amino]heptyl}amino)cyclobut-3-ene-12-dione ,COc1ccc2nc3c(c(NCCCCCCCNc4c(NCCCCCCCNc5c6c(nc7ccc(OC)cc57)CCCC6)c(=O)c4=O)c2c1)CCCC3,170,nM,'=',,,WIIWFFBGYREQOA-UHFFFAOYSA-N,760.467604,nm,6.769551,1,COc1ccc2nc3c(c(NCCCCCCCNc4c(NCCCCCCCNc5c6c(nc7ccc(OC)cc57)CCCC6)c(=O)c4=O)c2c1)CCCC3
146,PMID31430943,Bis({8-[(7-methoxy-1234-tetrahydroacridin-9-yl)amino]octyl}amino)cyclobut-3-ene-12-dione,COc1ccc2nc3c(c(NCCCCCCCCNc4c(NCCCCCCCCNc5c6c(nc7ccc(OC)cc57)CCCC6)c(=O)c4=O)c2c1)CCCC3,490,nM,'=',,,SXMNARGMUCOSKJ-UHFFFAOYSA-N,788.498905,nm,6.309804,1,COc1ccc2nc3c(c(NCCCCCCCCNc4c(NCCCCCCCCNc5c6c(nc7ccc(OC)cc57)CCCC6)c(=O)c4=O)c2c1)CCCC3
147,PMID31319560,(1S3R4R5R)-34-bis[[(E)-3-(34-dihydroxyphenyl)prop-2-enoyl]oxy]-15-dihydroxycyclohexane-1-carboxylic acid,O=C(C=Cc1ccc(O)c(O)c1)OC1CC(O)(C(=O)O)CC(O)C1OC(=O)C=Cc1ccc(O)c(O)c1,2.14,µM,'=',,,UFCLZKMFXSILNL-UHFFFAOYSA-N,516.126776,um,5.669586,0,O=C(C=Cc1ccc(O)c(O)c1)OC1CC(O)(C(=O)O)CC(O)C1OC(=O)C=Cc1ccc(O)c(O)c1
148,PMID31319560,57-dihydroxy-2-(4-hydroxyphenyl)chromen-4-one,O=c1cc(-c2ccc(O)cc2)oc2cc(O)cc(O)c12,3.42,µM,'=',,,KZNIFHPLKGYRTM-UHFFFAOYSA-N,270.052823,um,5.465974,0,O=c1cc(-c2ccc(O)cc2)oc2cc(O)cc(O)c12
149,PMID31319560,5-hydroxy-78-dimethoxy-2-phenylchromen-4-one,COc1cc(O)c2c(=O)cc(-c3ccccc3)oc2c1OC,2.46,µM,'=',,,IHLSBQVBFDTNTC-UHFFFAOYSA-N,298.084124,um,5.609065,0,COc1cc(O)c2c(=O)cc(-c3ccccc3)oc2c1OC
150,PMID31683761,5-Oxo-2-phenyl-5H-furo[32-g]chromene-6-carbaldehyde,O=Cc1coc2cc3oc(-c4ccccc4)cc3cc2c1=O,28.6,µM,'=',,,NWDMWJPGRPVOFY-UHFFFAOYSA-N,290.057909,um,4.543634,0,O=Cc1coc2cc3oc(-c4ccccc4)cc3cc2c1=O
151,PMID31683761,2-(3-Fluorophenyl)-5-oxo-5H-furo[32-g]chromene-6-carbaldehyde,O=Cc1coc2cc3oc(-c4cccc(F)c4)cc3cc2c1=O,5.4,µM,'=',,,QLDVDZVHQKASLP-UHFFFAOYSA-N,308.048487,um,5.267606,0,O=Cc1coc2cc3oc(-c4cccc(F)c4)cc3cc2c1=O
152,PMID31683761,2-(4-Fluorophenyl)-5-oxo-5H-furo[32-g]chromene-6-carbaldehyde,O=Cc1coc2cc3oc(-c4ccc(F)cc4)cc3cc2c1=O,15.3,µM,'=',,,AXOXRWLIYNMQFC-UHFFFAOYSA-N,308.048487,um,4.815309,0,O=Cc1coc2cc3oc(-c4ccc(F)cc4)cc3cc2c1=O
153,PMID31683761,2-(3-Chlorophenyl)-5-oxo-5H-furo[32-g]chromene-6-carbaldehyde,O=Cc1coc2cc3oc(-c4cccc(Cl)c4)cc3cc2c1=O,33.4,µM,'=',,fixed,WMLAWIDJCCSXFH-UHFFFAOYSA-N,324.018936,um,4.476254,0,O=Cc1coc2cc3oc(-c4cccc(Cl)c4)cc3cc2c1=O
154,PMID31683761,2-(4-Chlorophenyl)-5-oxo-5H-furo[32-g]chromene-6-carbaldehyde,O=Cc1coc2cc3oc(-c4ccc(Cl)cc4)cc3cc2c1=O,21.8,µM,'=',,,MZBHHKHIHVNJQF-UHFFFAOYSA-N,324.018936,um,4.661544,0,O=Cc1coc2cc3oc(-c4ccc(Cl)cc4)cc3cc2c1=O
155,PMID31683761,2-(4-Methoxyphenyl)-5-oxo-5H-furo[32-g]chromene-6-carbaldehyde,COc1ccc(-c2cc3cc4c(=O)c(C=O)coc4cc3o2)cc1,9.4,µM,'=',,,XAYKMQRPZRNJNL-UHFFFAOYSA-N,320.068473,um,5.026872,0,COc1ccc(-c2cc3cc4c(=O)c(C=O)coc4cc3o2)cc1
156,PMID31683761,2-(35-Dimethoxyphenyl)-5-oxo-5H-furo[32-g]chromene-6-carbaldehyde,COc1cc(OC)cc(-c2cc3cc4c(=O)c(C=O)coc4cc3o2)c1,10.8,µM,'=',,,QIIJLGRMAOTRNY-UHFFFAOYSA-N,350.079038,um,4.966576,0,COc1cc(OC)cc(-c2cc3cc4c(=O)c(C=O)coc4cc3o2)c1
157,PMID31683761,5-Oxo-2-(p-tolyl)-5H-furo[32-g]chromene-6-carbaldehyde,Cc1ccc(-c2cc3cc4c(=O)c(C=O)coc4cc3o2)cc1,12.9,µM,'=',,,AOXRPGAQASPBSA-UHFFFAOYSA-N,304.073559,um,4.88941,0,Cc1ccc(-c2cc3cc4c(=O)c(C=O)coc4cc3o2)cc1
158,PMID31683761,2-(Cyclohex-1-en-1-yl)-5-oxo-5H-furo[32-g]chromene-6-carbaldehyde,O=Cc1coc2cc3oc(C4=CCCCC4)cc3cc2c1=O,22.6,µM,'=',,,VSVIWMXATYMUMV-UHFFFAOYSA-N,294.089209,um,4.645892,0,O=Cc1coc2cc3oc(C4=CCCCC4)cc3cc2c1=O
159,PMID31683761,2-Phenyl-6-[(4-trifluoromethylphenyl)hydrazonomethyl]furo[32-g]chromen-5-one,O=c1c(C=NNc2ccc(C(F)(F)F)cc2)coc2cc3oc(-c4ccccc4)cc3cc12,18.4,µM,'=',,,KEHFWYILPPVXRB-UHFFFAOYSA-N,448.103477,um,4.735182,0,O=c1c(C=NNc2ccc(C(F)(F)F)cc2)coc2cc3oc(-c4ccccc4)cc3cc12
160,PMID31683761,2-(3-Fluorophenyl)-6-[(4-trifluoromethylphenyl)hydrazonomethyl]furo[32-g]chromen-5-one,O=c1c(C=NNc2ccc(C(F)(F)F)cc2)coc2cc3oc(-c4cccc(F)c4)cc3cc12,7.6,µM,'=',,,SKVONSLWYHHDMW-UHFFFAOYSA-N,466.094055,um,5.119186,0,O=c1c(C=NNc2ccc(C(F)(F)F)cc2)coc2cc3oc(-c4cccc(F)c4)cc3cc12
161,PMID31683761,2-(4-Fluorophenyl)-6-[(4-trifluoromethylphenyl)hydrazonomethyl]furo[32-g]chromen-5-one ,O=c1c(C=NNc2ccc(C(F)(F)F)cc2)coc2cc3oc(-c4ccc(F)cc4)cc3cc12,21.2,µM,'=',,,VUMVAJJYTXSGBX-UHFFFAOYSA-N,466.094055,um,4.673664,0,O=c1c(C=NNc2ccc(C(F)(F)F)cc2)coc2cc3oc(-c4ccc(F)cc4)cc3cc12
162,PMID31683761,2-(3-Chlorophenyl)-6-[(4-trifluoromethylphenyl)hydrazonomethyl]furo[32-g]chromen-5-one,O=c1c(C=NNc2ccc(C(F)(F)F)cc2)coc2cc3oc(-c4cccc(Cl)c4)cc3cc12,18.3,µM,'=',,,NPIPNWVXYISVFC-UHFFFAOYSA-N,482.064505,um,4.737549,0,O=c1c(C=NNc2ccc(C(F)(F)F)cc2)coc2cc3oc(-c4cccc(Cl)c4)cc3cc12
163,PMID31683761,2-(4-Chlorophenyl)-6-[(4-trifluoromethylphenyl)hydrazonomethyl]furo[32-g]chromen-5-one,O=c1c(C=NNc2ccc(C(F)(F)F)cc2)coc2cc3oc(-c4ccc(Cl)cc4)cc3cc12,12.9,µM,'=',,,HCMRLJSAZHCEHQ-UHFFFAOYSA-N,482.064505,um,4.88941,0,O=c1c(C=NNc2ccc(C(F)(F)F)cc2)coc2cc3oc(-c4ccc(Cl)cc4)cc3cc12
164,PMID31683761,2-(4-Methoxyphenyl)-6-[(4-trifluoromethylphenyl)hydrazonomethyl]furo[32-g]chromen-5-one,COc1ccc(-c2cc3cc4c(=O)c(C=NNc5ccc(C(F)(F)F)cc5)coc4cc3o2)cc1,5.4,µM,'=',,,JJXYJVCUHXNVFT-UHFFFAOYSA-N,478.114042,um,5.267606,0,COc1ccc(-c2cc3cc4c(=O)c(C=NNc5ccc(C(F)(F)F)cc5)coc4cc3o2)cc1
165,PMID31683761,2-(35-Dimethoxyphenyl)-6-[(4-trifluoromethylphenyl)hydrazonomethyl]furo[32-g]chromen-5-one,COc1cc(OC)cc(-c2cc3cc4c(=O)c(C=NNc5ccc(C(F)(F)F)cc5)coc4cc3o2)c1,34.9,µM,'=',,,CRVUFXLTQVHUAN-UHFFFAOYSA-N,508.124606,um,4.457175,0,COc1cc(OC)cc(-c2cc3cc4c(=O)c(C=NNc5ccc(C(F)(F)F)cc5)coc4cc3o2)c1
166,PMID31683761,2-(4-tolyl)-6-[(4-trifluoromethylphenyl)hydrazonomethyl]furo[32-g]chromen-5-one,Cc1ccc(-c2cc3cc4c(=O)c(C=NNc5ccc(C(F)(F)F)cc5)coc4cc3o2)cc1,10.5,µM,'=',,,CCLRJTFTUVYNTC-UHFFFAOYSA-N,462.119127,um,4.978811,0,Cc1ccc(-c2cc3cc4c(=O)c(C=NNc5ccc(C(F)(F)F)cc5)coc4cc3o2)cc1
167,PMID31683761,2-(Cyclohex-1-en-1-yl)-6-((2-(4-(trifluoromethyl)phenyl)hydrazono)methyl)-5H-furo[32-g]chromen-5-one,O=c1c(C=NNc2ccc(C(F)(F)F)cc2)coc2cc3oc(C4=CCCCC4)cc3cc12,29.8,µM,'=',,,MRWOIYNDENDGOS-UHFFFAOYSA-N,452.134777,um,4.525784,0,O=c1c(C=NNc2ccc(C(F)(F)F)cc2)coc2cc3oc(C4=CCCCC4)cc3cc12
168,PMID31694418, 4-((2-oxo-12-dihydroquinolin-7-yl)oxy)butyl piperidine-1-carbodithioate,O=c1ccc2ccc(OCCCCSC(=S)N3CCCCC3)cc2[nH]1,0.16 ,µM,'=',,,YPSQYTBEQRIXAU-UHFFFAOYSA-N,376.12792,um,6.79588,1,O=c1ccc2ccc(OCCCCSC(=S)N3CCCCC3)cc2[nH]1
169,PMID31694418,5-((2-oxo-12-dihydroquinolin-7-yl)oxy)pentyl piperidine-1-carbodithioate,O=c1ccc2ccc(OCCCCCSC(=S)N3CCCCC3)cc2[nH]1,0.57 ,µM,'=',,,JNYFDNKJQITWIK-UHFFFAOYSA-N,390.14357,um,6.244125,1,O=c1ccc2ccc(OCCCCCSC(=S)N3CCCCC3)cc2[nH]1
170,PMID31694418,6-((2-oxo-12-dihydroquinolin-7-yl)oxy)hexyl piperidine-1-carbodithioate,O=c1ccc2ccc(OCCCCCCSC(=S)N3CCCCC3)cc2[nH]1,0.38 ,µM,'=',,,NKDPOOJCXMTLOQ-UHFFFAOYSA-N,404.15922,um,6.420216,1,O=c1ccc2ccc(OCCCCCCSC(=S)N3CCCCC3)cc2[nH]1
171,PMID31694418,4-((2-oxo-12-dihydroquinolin-7-yl)oxy)butyl 4-methylpiperidine-1-carbodithioate,CC1CCN(C(=S)SCCCCOc2ccc3ccc(=O)[nH]c3c2)CC1,1.21 ,µM,'=',,,XMYWMSLDQFEFES-UHFFFAOYSA-N,390.14357,um,5.917215,0,CC1CCN(C(=S)SCCCCOc2ccc3ccc(=O)[nH]c3c2)CC1
172,PMID31694418,4-((4-methyl-2-oxo-12-dihydroquinolin-7-yl)oxy)butylpiperidine-1-carbodithioate,Cc1cc(=O)[nH]c2cc(OCCCCSC(=S)N3CCCCC3)ccc12,0.76 ,µM,'=',,,FZTUZMCUNDYFNT-UHFFFAOYSA-N,390.14357,um,6.119186,1,Cc1cc(=O)[nH]c2cc(OCCCCSC(=S)N3CCCCC3)ccc12
173,PMID31694418, 4-((34-dimethyl-2-oxo-12-dihydroquinolin-7-yl)oxy)butylpiperidine-1-carbodithioate,Cc1c(C)c2ccc(OCCCCSC(=S)N3CCCCC3)cc2[nH]c1=O,0.39 ,µM,'=',,,QZLIYVRLYDJRNE-UHFFFAOYSA-N,404.15922,um,6.408935,1,Cc1c(C)c2ccc(OCCCCSC(=S)N3CCCCC3)cc2[nH]c1=O
174,PMID31766252,4-Oxo-8-phenyl-4H-furo[23-h]chromene-3-carbaldehyde ,O=Cc1coc2c(ccc3oc(-c4ccccc4)cc32)c1=O,25.1,µM,'=',,,KRCYFCNFYNMJJT-UHFFFAOYSA-N,290.057909,um,4.600326,0,O=Cc1coc2c(ccc3oc(-c4ccccc4)cc32)c1=O
175,PMID31766252,8-(3-Fluorophenyl)-4-oxo-4H-furo[23-h]chromene-3-carbaldehyde ,O=Cc1coc2c(ccc3oc(-c4cccc(F)c4)cc32)c1=O,15.2,µM,'=',,,DJISVEDYWWSMHX-UHFFFAOYSA-N,308.048487,um,4.818156,0,O=Cc1coc2c(ccc3oc(-c4cccc(F)c4)cc32)c1=O
176,PMID31766252,8-(4-Fluorophenyl)-4-oxo-4H-furo[23-h]chromene-3-carbaldehyde ,O=Cc1coc2c(ccc3oc(-c4ccc(F)cc4)cc32)c1=O,30.4,µM,'=',,,ZYXTZFQLYBQIDP-UHFFFAOYSA-N,308.048487,um,4.517126,0,O=Cc1coc2c(ccc3oc(-c4ccc(F)cc4)cc32)c1=O
177,PMID31766252,8-(3-Chlorophenyl)-4-oxo-4H-furo[23-h]chromene-3-carbaldehyde,O=Cc1coc2c(ccc3oc(-c4cccc(Cl)c4)cc32)c1=O,19.8,µM,'=',,,JIZZNBNMTCLDCU-UHFFFAOYSA-N,324.018936,um,4.703335,0,O=Cc1coc2c(ccc3oc(-c4cccc(Cl)c4)cc32)c1=O
178,PMID31766252,8-(4-Chlorophenyl)-4-oxo-4H-furo[23-h]chromene-3-carbaldehyde,O=Cc1coc2c(ccc3oc(-c4ccc(Cl)cc4)cc32)c1=O,27.1,µM,'=',,,QSGZUDMSLAYUMH-UHFFFAOYSA-N,324.018936,um,4.567031,0,O=Cc1coc2c(ccc3oc(-c4ccc(Cl)cc4)cc32)c1=O
179,PMID31766252,8-(4-Methoxyphenyl)-4-oxo-4H-furo[23-h]chromene-3-carbaldehyde,COc1ccc(-c2cc3c(ccc4c(=O)c(C=O)coc43)o2)cc1,34.2,µM,'=',,,OCYTUWXJRDXWFK-UHFFFAOYSA-N,320.068473,um,4.465974,0,COc1ccc(-c2cc3c(ccc4c(=O)c(C=O)coc43)o2)cc1
180,PMID31766252,8-(4-Methylphenyl)-4-oxo-4H-furo[23-h]chromene-3-carbaldehyde ,Cc1ccc(-c2cc3c(ccc4c(=O)c(C=O)coc43)o2)cc1,25.3,µM,'=',,,DQBANYPNSMETTI-UHFFFAOYSA-N,304.073559,um,4.596879,0,Cc1ccc(-c2cc3c(ccc4c(=O)c(C=O)coc43)o2)cc1
181,PMID31766252,8-(35-Dimethoxyphenyl)-4-oxo-4H-furo[23-h]chromene-3-carbaldehyde,COc1cc(OC)cc(-c2cc3c(ccc4c(=O)c(C=O)coc43)o2)c1,20.9,µM,'=',,,KUUHZDXMUXJYLY-UHFFFAOYSA-N,350.079038,um,4.679854,0,COc1cc(OC)cc(-c2cc3c(ccc4c(=O)c(C=O)coc43)o2)c1
182,PMID31766252,8-(Cyclohex-1-en-1-yl)-4-oxo-4H-furo[23-h]chromene-3-carbaldehyde,O=Cc1coc2c(ccc3oc(C4=CCCCC4)cc32)c1=O,15.3,µM,'=',,,RLKXNZISZYFVDK-UHFFFAOYSA-N,294.089209,um,4.815309,0,O=Cc1coc2c(ccc3oc(C4=CCCCC4)cc32)c1=O
183,PMID31766252,2-Phenyl-6-[(4-trifluoromethylphenyl)hydrazonomethyl]-furo[32-h]chromen-5-one,O=c1cc2cc(-c3ccccc3)oc2c2occc(C=NNc3ccc(C(F)(F)F)cc3)c1-2,15.4,µM,'=',,,MLGXTQNNGVFSPF-UHFFFAOYSA-N,448.103477,um,4.812479,0,O=c1cc2cc(-c3ccccc3)oc2c2occc(C=NNc3ccc(C(F)(F)F)cc3)c1-2
184,PMID31766252,2-(3-Fluorophenyl)-6-[(4-trifluoromethylphenyl)hydrazonomethyl]furo[32-h]chromen-5-one,O=c1cc2cc(-c3cccc(F)c3)oc2c2occc(C=NNc3ccc(C(F)(F)F)cc3)c1-2,10.4,µM,'=',,,DQHFIPVNIFSPOF-UHFFFAOYSA-N,466.094055,um,4.982967,0,O=c1cc2cc(-c3cccc(F)c3)oc2c2occc(C=NNc3ccc(C(F)(F)F)cc3)c1-2
185,PMID31766252,2-(4-Fluorophenyl)-6-[(4-trifluoromethylphenyl)hydrazonomethyl]furo[32-h]chromen-5-one,O=c1cc2cc(-c3ccc(F)cc3)oc2c2occc(C=NNc3ccc(C(F)(F)F)cc3)c1-2,18.1,µM,'=',,,NPILGJXFIVERBX-UHFFFAOYSA-N,466.094055,um,4.742321,0,O=c1cc2cc(-c3ccc(F)cc3)oc2c2occc(C=NNc3ccc(C(F)(F)F)cc3)c1-2
186,PMID31766252,2-(3-Chlorophenyl)-6-[(4-trifluoromethylphenyl)hydrazonomethyl]furo[32-h]chromen-5-one,O=c1cc2cc(-c3cccc(Cl)c3)oc2c2occc(C=NNc3ccc(C(F)(F)F)cc3)c1-2,24.3,µM,'=',,,JSCKPIOSAXNUHT-UHFFFAOYSA-N,482.064505,um,4.614394,0,O=c1cc2cc(-c3cccc(Cl)c3)oc2c2occc(C=NNc3ccc(C(F)(F)F)cc3)c1-2
187,PMID31766252,2-(4-Chlorophenyl)-6-[(4-trifluoromethylphenyl)hydrazonomethyl]furo[32-h]chromen-5-one,O=c1cc2cc(-c3ccc(Cl)cc3)oc2c2occc(C=NNc3ccc(C(F)(F)F)cc3)c1-2,5.4,µM,'=',,,LMJKNAVHSXUSLW-UHFFFAOYSA-N,482.064505,um,5.267606,0,O=c1cc2cc(-c3ccc(Cl)cc3)oc2c2occc(C=NNc3ccc(C(F)(F)F)cc3)c1-2
188,PMID31766252,2-(4-Methoxyphenyl)-6-[(4-trifluoromethylphenyl)hydrazonomethyl]furo[32-h]chromen-5-one,COc1ccc(-c2cc3cc(=O)c4c(C=NNc5ccc(C(F)(F)F)cc5)ccoc-4c3o2)cc1,18.4,µM,'=',,,GKWORVDYWXEQIA-UHFFFAOYSA-N,478.114042,um,4.735182,0,COc1ccc(-c2cc3cc(=O)c4c(C=NNc5ccc(C(F)(F)F)cc5)ccoc-4c3o2)cc1
189,PMID31766252,2-(35-Dimethoxyphenyl)-6-[(4-trifluoromethylphenyl)hydrazonomethyl]furo[32-h]chromen-5-one,COc1cc(OC)cc(-c2cc3cc(=O)c4c(C=NNc5ccc(C(F)(F)F)cc5)ccoc-4c3o2)c1,22.3,µM,'=',,,UTFMIFWXPTVZJJ-UHFFFAOYSA-N,508.124606,um,4.651695,0,COc1cc(OC)cc(-c2cc3cc(=O)c4c(C=NNc5ccc(C(F)(F)F)cc5)ccoc-4c3o2)c1
190,PMID31766252,2-(p-Tolyl)-6-[(4-trifluoromethylphenyl)hydrazonomethyl]furo[32-h]chromen-5-one,Cc1ccc(-c2cc3cc(=O)c4c(C=NNc5ccc(C(F)(F)F)cc5)ccoc-4c3o2)cc1,9.1,µM,'=',,,SLCVVMBKDGILRN-UHFFFAOYSA-N,462.119127,um,5.040959,0,Cc1ccc(-c2cc3cc(=O)c4c(C=NNc5ccc(C(F)(F)F)cc5)ccoc-4c3o2)cc1
191,PMID31766252,2-(Cyclohex-1-en-1-yl)-6-((2-(4-(trifluoromethyl)phenyl)hydrazono)methyl)-5H-furo[32-h]chromen-5-one,O=c1cc2cc(C3=CCCCC3)oc2c2occc(C=NNc3ccc(C(F)(F)F)cc3)c1-2,13.3,µM,'=',,,AHLXZRSTWQCPCG-UHFFFAOYSA-N,452.134777,um,4.876148,0,O=c1cc2cc(C3=CCCCC3)oc2c2occc(C=NNc3ccc(C(F)(F)F)cc3)c1-2
192,PMID31842463,4-(1H-benzimidazol-2-yl)-6-chlorobenzene-13-diol,Oc1cc(O)c(-c2nc3ccccc3[nH]2)cc1Cl,0.076,µM,'=',,,QDGWYMSFUMMPHF-UHFFFAOYSA-N,260.035255,um,7.119186,1,Oc1cc(O)c(-c2nc3ccccc3[nH]2)cc1Cl
193,PMID31842463,4-(56-Dichloro-1H-benzimidazol-2-yl)-6-chlorobenzene-13-diol,Oc1cc(O)c(-c2nc3cc(Cl)c(Cl)cc3[nH]2)cc1Cl,0.541,µM,'=',,,UNXCXUCSHJWJKA-UHFFFAOYSA-N,327.957311,um,6.266803,1,Oc1cc(O)c(-c2nc3cc(Cl)c(Cl)cc3[nH]2)cc1Cl
194,PMID31842463,4-[6-(Trifluoromethyl)-1H-benzimidazol-2-yl]-2-methylbenzene-13-diol ,Cc1c(O)ccc(-c2nc3ccc(C(F)(F)F)cc3[nH]2)c1O,0.098,µM,'=',,,UJJBCCZKXSJTBI-UHFFFAOYSA-N,308.077262,um,7.008774,1,Cc1c(O)ccc(-c2nc3ccc(C(F)(F)F)cc3[nH]2)c1O
195,PMID31842463,4-(7-Chloro-5-(trifluoromethyl)-1H-benzimidazol-2-yl)-6-ethylbenzene-13-diol,CCc1cc(-c2nc3cc(C(F)(F)F)cc(Cl)c3[nH]2)c(O)cc1O,0.118,µM,'=',,,FQWNFZCICXBACW-UHFFFAOYSA-N,356.05394,um,6.928118,1,CCc1cc(-c2nc3cc(C(F)(F)F)cc(Cl)c3[nH]2)c(O)cc1O
196,PMID31842463,4-(6-Methoxy-1H-benzimidazol-2-yl)-2-methylbenzene-13-diol,COc1ccc2nc(-c3ccc(O)c(C)c3O)[nH]c2c1,0.086,µM,'=',,,RFFVTQQJNJLOAS-UHFFFAOYSA-N,270.100442,um,7.065502,1,COc1ccc2nc(-c3ccc(O)c(C)c3O)[nH]c2c1
197,PMID31842463,4-(6-Methoxy-1H-benzimidazol-2-yl)-6-chlorobenzene-13-diol,COc1ccc2nc(-c3cc(Cl)c(O)cc3O)[nH]c2c1,0.092,µM,'=',,,NQDRODARYQRZCU-UHFFFAOYSA-N,290.04582,um,7.036212,1,COc1ccc2nc(-c3cc(Cl)c(O)cc3O)[nH]c2c1
198,PMID31842463,Ethyl 2-(24-dihydroxy-3-methylphenyl)-1H-benzimidazole-5-carboxylate,CCOC(=O)c1ccc2[nH]c(-c3ccc(O)c(C)c3O)nc2c1,0.184,µM,'=',,,LJHXAKLWJLIAJN-UHFFFAOYSA-N,312.111007,um,6.735182,1,CCOC(=O)c1ccc2[nH]c(-c3ccc(O)c(C)c3O)nc2c1
199,PMID31842463,Ethyl 2-(5-ethyl-24-dihydroxyphenyl)-1H-benzimidazole-5-carboxylate,CCOC(=O)c1ccc2[nH]c(-c3cc(CC)c(O)cc3O)nc2c1,0.962,µM,'=',,,JSDHXOHWQKSLNE-UHFFFAOYSA-N,326.126657,um,6.016825,1,CCOC(=O)c1ccc2[nH]c(-c3cc(CC)c(O)cc3O)nc2c1
200,PMID31842463,4-(6-Nitro-1H-benzimidazol-2-yl)benzene-13-diol,O=[N+]([O-])c1ccc2nc(-c3ccc(O)cc3O)[nH]c2c1,1.487,µM,'=',,,AJHOCTJIPTYGBU-UHFFFAOYSA-N,271.059306,um,5.827689,0,O=[N+]([O-])c1ccc2nc(-c3ccc(O)cc3O)[nH]c2c1
201,PMID31842463,2-Methyl-4-(6-nitro-1H-benzimidazol-2-yl)benzene-13-diol ,Cc1c(O)ccc(-c2nc3ccc([N+](=O)[O-])cc3[nH]2)c1O,1.003,µM,'=',,,NGWKQGHSUQNADO-UHFFFAOYSA-N,285.074956,um,5.998699,0,Cc1c(O)ccc(-c2nc3ccc([N+](=O)[O-])cc3[nH]2)c1O
202,PMID31852270,N-(4-((Benzyl(methyl)amino)methyl)phenyl)-6-methoxy-4-oxo-4H-chromene-2-carboxamide,COc1ccc2oc(C(=O)Nc3ccc(CN(C)Cc4ccccc4)cc3)cc(=O)c2c1,1.5 ,µM,'=',,,STLXFNDVTYTKBM-UHFFFAOYSA-N,428.173607,um,5.823909,0,COc1ccc2oc(C(=O)Nc3ccc(CN(C)Cc4ccccc4)cc3)cc(=O)c2c1
203,PMID31852270,N-(4-((Benzyl(methyl)amino)methyl)phenyl)-6-hydroxy-4-oxo-4H-chromene-2-carboxamide,CN(Cc1ccccc1)Cc1ccc(NC(=O)c2cc(=O)c3cc(O)ccc3o2)cc1,1.3 ,µM,'=',,,RVZHWBSHBRCZGG-UHFFFAOYSA-N,414.157957,um,5.886057,0,CN(Cc1ccccc1)Cc1ccc(NC(=O)c2cc(=O)c3cc(O)ccc3o2)cc1
204,PMID31852270,N-(4-((Benzyl(methyl)amino)methyl)phenyl)-57-dimethoxy-4-oxo-4H-chromene-2-carboxamide,COc1cc(OC)c2c(=O)cc(C(=O)Nc3ccc(CN(C)Cc4ccccc4)cc3)oc2c1,3.2 ,µM,'=',,,UUMSQXNZMHBVPY-UHFFFAOYSA-N,458.184172,um,5.49485,0,COc1cc(OC)c2c(=O)cc(C(=O)Nc3ccc(CN(C)Cc4ccccc4)cc3)oc2c1
205,PMID31852270,N-(4-((Benzyl(methyl)amino)methyl)phenyl)-57-dihydroxy-4-oxo-4H-chromene-2-carboxamide,CN(Cc1ccccc1)Cc1ccc(NC(=O)c2cc(=O)c3c(O)cc(O)cc3o2)cc1,1.9 ,µM,'=',,,UKDGPTGNTRBXLE-UHFFFAOYSA-N,430.152872,um,5.721246,0,CN(Cc1ccccc1)Cc1ccc(NC(=O)c2cc(=O)c3c(O)cc(O)cc3o2)cc1
206,PMID31852270,N-(4-((Benzyl(methyl)amino)methyl)phenyl)-67-dimethoxy-4-oxo-4H-chromene-2-carboxamide,COc1cc2oc(C(=O)Nc3ccc(CN(C)Cc4ccccc4)cc3)cc(=O)c2cc1OC,1.0 ,µM,'=',,,BYEQGOYNBDQNOI-UHFFFAOYSA-N,458.184172,um,6,1,COc1cc2oc(C(=O)Nc3ccc(CN(C)Cc4ccccc4)cc3)cc(=O)c2cc1OC
207,PMID31852270,N-(3-((Benzyl(methyl)amino)methyl)phenyl)-67-dimethoxy-4-oxo-4H-chromene-2-carboxamide,COc1cc2oc(C(=O)Nc3cccc(CN(C)Cc4ccccc4)c3)cc(=O)c2cc1OC,4.5 ,µM,'=',,,GLPOBZBQMRDBEA-UHFFFAOYSA-N,458.184172,um,5.346787,0,COc1cc2oc(C(=O)Nc3cccc(CN(C)Cc4ccccc4)c3)cc(=O)c2cc1OC
208,PMID31852270,N-(4-((Benzyl(methyl)amino)methyl)phenyl)-5-methoxy-4-oxo-14-dihydroquinoline-2-carboxamide,COc1cccc2[nH]c(C(=O)Nc3ccc(CN(C)Cc4ccccc4)cc3)cc(=O)c12,4.0 ,µM,'=',,,WRLDUKHPRPHMPI-UHFFFAOYSA-N,427.189592,um,5.39794,0,COc1cccc2[nH]c(C(=O)Nc3ccc(CN(C)Cc4ccccc4)cc3)cc(=O)c12
209,PMID31852270,N-(4-((Benzyl(methyl)amino)methyl)phenyl)-6-methoxy-4-oxo-14-dihydroquinoline-2-carboxamide,COc1ccc2[nH]c(C(=O)Nc3ccc(CN(C)Cc4ccccc4)cc3)cc(=O)c2c1,2.3 ,µM,'=',,,UYXGAWWKVGYABF-UHFFFAOYSA-N,427.189592,um,5.638272,0,COc1ccc2[nH]c(C(=O)Nc3ccc(CN(C)Cc4ccccc4)cc3)cc(=O)c2c1
210,PMID31852270,N-(4-((Benzyl(methyl)amino)methyl)phenyl)-6-hydroxy-4-oxo-14-dihydroquinoline-2-carboxamide,CN(Cc1ccccc1)Cc1ccc(NC(=O)c2cc(=O)c3cc(O)ccc3[nH]2)cc1,3.1 ,µM,'=',,,MHWXIXQMJNLZDQ-UHFFFAOYSA-N,413.173942,um,5.508638,0,CN(Cc1ccccc1)Cc1ccc(NC(=O)c2cc(=O)c3cc(O)ccc3[nH]2)cc1
211,PMID31852270,N-(4-((Benzyl(methyl)amino)methyl)phenyl)-7-methoxy-4-oxo-14-dihydroquinoline-2-carboxamide,COc1ccc2c(=O)cc(C(=O)Nc3ccc(CN(C)Cc4ccccc4)cc3)[nH]c2c1,2.3 ,µM,'=',,,RISZPUMPOOHFSR-UHFFFAOYSA-N,427.189592,um,5.638272,0,COc1ccc2c(=O)cc(C(=O)Nc3ccc(CN(C)Cc4ccccc4)cc3)[nH]c2c1
212,PMID31852270,N-(4-((benzyl(methyl)amino)methyl)phenyl)-67-dimethoxy-4-oxo-14-dihydroquinoline-2-carboxamide,COc1cc2[nH]c(C(=O)Nc3ccc(CN(C)Cc4ccccc4)cc3)cc(=O)c2cc1OC,4.5 ,µM,'=',,,PHAZELHZUUHUTB-UHFFFAOYSA-N,457.200156,um,5.346787,0,COc1cc2[nH]c(C(=O)Nc3ccc(CN(C)Cc4ccccc4)cc3)cc(=O)c2cc1OC
213,PMID32932702,13-bis[4-(o-cyanobenzylethylamino)butyl]-6-methyluracil,CCN(CCCCn1c(C)cc(=O)n(CCCCN(CC)Cc2ccccc2C#N)c1=O)Cc1ccccc1C#N,7,nM,'=',fixed,,HWHRMPMHFDVNAP-UHFFFAOYSA-N,554.336925,nm,8.154902,1,CCN(CCCCn1c(C)cc(=O)n(CCCCN(CC)Cc2ccccc2C#N)c1=O)Cc1ccccc1C#N
214,PMID32932702,13-bis[5-(o-cyanobenzylamino)pentyl]-6-methyluracil,Cc1cc(=O)n(CCCCCNCc2ccccc2C#N)c(=O)n1CCCCCNCc1ccccc1C#N,480,nM,'=',,,LCCSXIJDKYAOER-UHFFFAOYSA-N,526.305624,nm,6.318759,1,Cc1cc(=O)n(CCCCCNCc2ccccc2C#N)c(=O)n1CCCCCNCc1ccccc1C#N
215,PMID32932702,13-bis[4-(o-cyanobenzylethylamino)butyl]-quinazoline-24-dione ,CCN(CCCCn1c(=O)c2ccccc2n(CCCCN(CC)Cc2ccccc2C#N)c1=O)Cc1ccccc1C#N,5520,nM,'=',,,WDHXSUQILHXCGF-UHFFFAOYSA-N,590.336925,nm,5.258061,0,CCN(CCCCn1c(=O)c2ccccc2n(CCCCN(CC)Cc2ccccc2C#N)c1=O)Cc1ccccc1C#N
